order_reference,product_name,quantity,unit_price,line_total
ORD_0860,Mouse,6.0,923.37,5540.22
ORD_1127,Lamp,6.0,129.35,659.68
ORD_0007,Fitness Tracker,5.0,228.04,570.1
ORD_0861,Conditioner,2.0,38.22,76.44
ORD_0761,Sports Watch,9.0,,
ORD_1131,Coat Hanger,8.0,87.64,806.29
ORD_0570,Charger,4.0,1142.39,4569.56
ORD_1096,Charger,10.0,1142.39,11423.9
ORD_1045,Leggings,,21.18,
ORD_0122,Face Cream,2.0,23.96,47.92
ORD_0627,Router,9.0,173.62,1562.58
ORD_0829,Headphones,8.0,750.23,6001.84
ORD_0588,Cereal,4.0,7.98,31.92
ORD_0180,Storage Box,6.0,27.43,164.58
ORD_0467,Gloves,9.0,14.13,127.17
ORD_0331,Hoodie,5.0,158.66,674.3
ORD_0543,Dumbbell,8.0,180.1,1440.8
ORD_0228,Fitness Tracker,2.0,228.04,684.12
ORD_0284,Sweater,10.0,132.17,1321.7
ORD_0088,Sports Watch,10.0,35.57,355.7
ORD_0465,Jam,10.0,7.71,77.1
ORD_0278,Plant Pot,5.0,,
ORD_1124,Cutting Board,6.0,37.79,226.74
ORD_1063,Toothpaste,1.0,20.0,20.0
ORD_1057,Hoodie,6.0,158.66,951.96
ORD_0154,Cushion,6.0,6.27,37.62
ORD_0227,Mascara,3.0,27.26,81.78
ORD_0872,Fitness Tracker,6.0,228.04,1368.24
ORD_0131,Storage Box,10.0,27.43,274.3
ORD_0770,Crackers,5.0,24.01,120.05
ORD_0914,Belt,,53.41,
ORD_0344,Sweater,,132.17,
ORD_0806,Shower Gel,7.0,31.86,223.02
ORD_1092,Oats,,11.67,
ORD_0386,Mascara,10.0,27.26,408.9
ORD_1017,Laundry Basket,6.0,,
ORD_0956,Oats,7.0,11.67,81.69
ORD_0277,Swimwear,3.0,130.23,390.69
ORD_0366,Serum,2.0,51.72,103.44
ORD_1185,Microphone,4.0,779.69,1559.38
ORD_0460,Cushion,9.0,6.27,56.43
ORD_0728,Coasters,3.0,113.24,339.72
ORD_0337,Peanut Butter,4.0,28.1,112.4
ORD_0719,Water Bottle,3.0,21.73,65.19
ORD_0022,Conditioner,5.0,,
ORD_0987,Power Bank,4.0,266.91,1067.64
ORD_0253,Serum,9.0,51.72,465.48
ORD_0748,Soap Dispenser,6.0,71.41,428.46
ORD_0857,Coffee,9.0,9.46,85.14
ORD_0377,Shorts,,151.9,
ORD_0762,Resistance Band,1.0,267.11,267.11
ORD_0475,Mouse,7.0,923.37,5494.05
ORD_1083,Cardigan,7.0,131.63,921.41
ORD_0511,Towel,2.0,142.76,285.52
ORD_0700,Tennis Racket,7.0,254.89,1784.23
ORD_0299,Picture Frame,6.0,88.73,532.38
ORD_0701,Serum,6.0,51.72,310.32
ORD_0976,Smartphone,3.0,945.45,2836.35
ORD_1152,Conditioner,4.0,38.22,152.88
ORD_1138,Socks,8.0,68.84,550.72
ORD_1087,Biscuits,10.0,29.25,292.5
ORD_0190,Nuts,1.0,29.61,29.61
ORD_0134,Tablet,1.0,1346.72,1346.72
ORD_0957,Toothbrush,7.0,77.28,540.96
ORD_0958,Sunscreen,4.0,40.27,161.08
ORD_0687,Sneakers,2.0,113.26,226.52
ORD_0958,Scarf,4.0,142.73,570.92
ORD_0563,Clock,7.0,137.5,962.5
ORD_0873,Football,8.0,,
ORD_1118,Perfume,9.0,9.51,85.59
ORD_0832,Candle,10.0,127.47,1274.7
ORD_1155,Jam,9.0,7.71,69.39
ORD_0976,Cushion,3.0,,
ORD_0819,Belt,5.0,53.41,267.05
ORD_0647,Storage Box,5.0,27.43,137.15
ORD_0021,Soup,10.0,26.96,269.6
ORD_0289,Keyboard,3.0,20.0,60.0
ORD_0807,Foam Roller,,77.79,
ORD_0841,Skirt,6.0,136.95,821.7
ORD_1057,Running Shoes,5.0,19.47,97.35
ORD_0036,Dumbbell,7.0,180.1,1260.7
ORD_0298,Speaker,3.0,1049.85,3149.55
ORD_1125,Badminton Set,4.0,178.08,712.32
ORD_0319,Sports Watch,6.0,35.57,213.42
ORD_0371,Smartphone,,945.45,
ORD_0089,Picture Frame,1.0,88.73,88.73
ORD_0167,Sports Watch,10.0,35.57,355.7
ORD_0788,Hair Oil,6.0,20.0,120.0
ORD_0100,Nuts,10.0,29.61,296.1
ORD_0958,Smart TV,5.0,,
ORD_0264,Jacket,10.0,15.78,157.8
ORD_0388,Cycling Gloves,4.0,204.17,408.34
ORD_0601,Crackers,5.0,24.01,120.05
ORD_1181,Hat,4.0,165.24,660.96
ORD_0316,Tennis Racket,4.0,254.89,1019.56
ORD_0784,Gym Bag,8.0,,
ORD_0014,Charger,2.0,1142.39,2284.78
ORD_0242,Mascara,8.0,27.26,218.08
ORD_0777,Nail Polish,4.0,43.42,199.73
ORD_0565,Dumbbell,,180.1,
ORD_0898,Gamepad,10.0,1043.03,10430.3
ORD_0473,Cutting Board,7.0,37.79,224.85
ORD_0092,Blanket,1.0,37.47,37.47
ORD_0677,Water Bottle,3.0,21.73,65.19
ORD_0956,Resistance Band,6.0,267.11,1602.66
ORD_0295,Gamepad,5.0,1043.03,5215.15
ORD_0418,Charger,5.0,,
ORD_0925,Gloves,9.0,14.13,127.17
ORD_0479,Yoga Mat,2.0,15.35,30.7
ORD_1163,Doormat,,119.9,
ORD_0931,Honey,1.0,3.42,3.42
ORD_0509,Skipping Rope,2.0,152.47,304.94
ORD_0326,Mirror,4.0,34.64,138.56
ORD_0480,Gloves,5.0,14.13,35.33
ORD_0776,Cutting Board,9.0,37.79,340.11
ORD_0307,Resistance Band,9.0,267.11,2403.99
ORD_1086,Foam Roller,7.0,77.79,544.53
ORD_0035,Storage Box,5.0,27.43,137.15
ORD_1060,Razor,9.0,62.25,560.25
ORD_0163,Leggings,1.0,,
ORD_0704,Lamp,3.0,129.35,388.05
ORD_0206,Vase,5.0,74.99,431.19
ORD_1105,Jeans,9.0,20.0,180.0
ORD_1026,Cycling Gloves,5.0,,
ORD_1022,Smart TV,9.0,,
ORD_0566,Lip Balm,4.0,,
ORD_1130,Boots,3.0,20.0,60.0
ORD_0703,Smartphone,7.0,945.45,6618.15
ORD_0402,Sweater,1.0,132.17,132.17
ORD_0730,Cushion,8.0,6.27,50.16
ORD_0933,Leggings,4.0,21.18,42.36
ORD_0533,Laundry Basket,4.0,119.13,476.52
ORD_0162,Smartwatch,3.0,576.28,1728.84
ORD_0202,Deodorant,3.0,49.92,149.76
ORD_0996,Socks,,68.84,
ORD_0188,Sweater,8.0,132.17,1057.36
ORD_0270,Oats,8.0,11.67,140.04
ORD_0730,Bicycle Helmet,,293.98,
ORD_0816,Knee Pads,10.0,37.22,372.2
ORD_0456,Granola,6.0,3.28,19.68
ORD_1017,Speaker,2.0,1049.85,2099.7
ORD_0296,Blanket,7.0,37.47,262.29
ORD_0720,Rug,6.0,81.5,489.0
ORD_0631,Blanket,8.0,37.47,299.76
ORD_1035,Protein Bar,1.0,6.97,6.97
ORD_0503,Graphics Card,9.0,,
ORD_0523,Gloves,7.0,14.13,98.91
ORD_0219,Sneakers,5.0,113.26,566.3
ORD_0338,Storage Box,5.0,27.43,137.15
ORD_0879,Jacket,10.0,15.78,157.8
ORD_0948,Crackers,5.0,24.01,120.05
ORD_0443,SSD Drive,3.0,819.93,2459.79
ORD_0152,Sneakers,2.0,113.26,226.52
ORD_1077,Vase,5.0,74.99,374.95
ORD_0290,Belt,9.0,53.41,480.69
ORD_0792,Coasters,3.0,113.24,339.72
ORD_1028,Cushion,10.0,6.27,62.7
ORD_0905,Instant Noodles,2.0,29.39,58.78
ORD_0217,Rug,9.0,81.5,733.5
ORD_0764,Socks,1.0,68.84,68.84
ORD_0188,Graphics Card,,289.49,
ORD_0380,Soap Dispenser,1.0,,
ORD_0493,Cycling Gloves,7.0,204.17,1429.19
ORD_0265,Monitor,4.0,548.49,2193.96
ORD_1065,T-Shirt,2.0,20.0,40.0
ORD_1181,Peanut Butter,4.0,28.1,112.4
ORD_0015,Face Cream,7.0,,
ORD_0503,Laptop,8.0,20.0,160.0
ORD_0423,Cereal,9.0,7.98,82.59
ORD_0065,Tea,5.0,3.37,16.85
ORD_0521,Mascara,3.0,27.26,81.78
ORD_1153,Sneakers,6.0,113.26,679.56
ORD_0648,Laundry Basket,,119.13,
ORD_0133,Hat,9.0,165.24,743.58
ORD_1087,Leggings,1.0,21.18,21.18
ORD_0331,Lip Balm,1.0,41.42,41.42
ORD_1163,Lamp,7.0,129.35,905.45
ORD_1032,Coat,10.0,130.08,1951.2
ORD_0916,Tablet,7.0,1346.72,9427.04
ORD_0574,Coat,7.0,130.08,910.56
ORD_0593,Mascara,9.0,27.26,245.34
ORD_0999,Storage Box,8.0,27.43,219.44
ORD_0892,Jam,10.0,7.71,77.1
ORD_0847,Smart TV,4.0,563.86,2255.44
ORD_0392,Coat,3.0,130.08,390.24
ORD_0419,Jam,,7.71,
ORD_0289,Protein Bar,5.0,6.97,34.85
ORD_0285,Cushion,8.0,6.27,50.16
ORD_0624,Toner,8.0,20.0,160.0
ORD_0196,Belt,5.0,53.41,267.05
ORD_0379,Boots,10.0,20.0,170.0
ORD_0231,Coasters,2.0,113.24,226.48
ORD_1018,Webcam,4.0,1047.62,4190.48
ORD_0041,Lamp,9.0,129.35,1164.15
ORD_1052,Blanket,10.0,37.47,374.7
ORD_0507,Olive Oil,3.0,15.63,39.86
ORD_0135,Bicycle Helmet,6.0,293.98,1763.88
ORD_0201,Resistance Band,7.0,267.11,1869.77
ORD_0780,Power Bank,3.0,266.91,800.73
ORD_1030,Serum,8.0,51.72,413.76
ORD_0096,Candle,6.0,127.47,764.82
ORD_0930,Blanket,7.0,,
ORD_0862,Scarf,10.0,142.73,1427.3
ORD_1167,Keyboard,4.0,20.0,80.0
ORD_0149,Football,8.0,122.47,979.76
ORD_0746,Yoga Mat,7.0,15.35,107.45
ORD_1057,Foam Roller,9.0,77.79,700.11
ORD_1072,Gloves,3.0,14.13,42.39
ORD_0467,Monitor,4.0,548.49,1864.87
ORD_0503,Hair Oil,2.0,20.0,40.0
ORD_0513,Swimwear,9.0,130.23,1172.07
ORD_0659,Coffee,7.0,9.46,66.22
ORD_0407,Honey,8.0,3.42,27.36
ORD_0768,Mouse,1.0,923.37,923.37
ORD_0805,Olive Oil,7.0,15.63,109.41
ORD_0493,Rug,1.0,81.5,81.5
ORD_0812,Pasta,1.0,13.78,6.89
ORD_0002,Lip Balm,3.0,41.42,124.26
ORD_0099,Basketball,6.0,20.0,120.0
ORD_0275,Bicycle Helmet,5.0,293.98,1469.9
ORD_0704,Protein Bar,8.0,6.97,55.76
ORD_0684,Router,,173.62,
ORD_0726,Rug,,81.5,
ORD_0961,Storage Box,5.0,27.43,137.15
ORD_1183,Smart TV,1.0,563.86,563.86
ORD_0613,SSD Drive,3.0,819.93,2459.79
ORD_0643,Sunscreen,9.0,40.27,362.43
ORD_0342,Fitness Tracker,9.0,,
ORD_1029,Scarf,3.0,142.73,428.19
ORD_0503,Webcam,,,
ORD_0372,Smart TV,2.0,563.86,1127.72
ORD_0448,Router,6.0,173.62,1197.98
ORD_0072,Rug,3.0,81.5,244.5
ORD_0767,Dress,2.0,65.57,131.14
ORD_0106,Plant Pot,8.0,118.04,944.32
ORD_0398,Face Cream,8.0,23.96,191.68
ORD_0871,Nuts,4.0,29.61,118.44
ORD_0795,Shower Gel,8.0,31.86,254.88
ORD_0747,Vase,4.0,74.99,299.96
ORD_0393,Cutting Board,6.0,37.79,226.74
ORD_0207,Picture Frame,10.0,88.73,887.3
ORD_0165,Hair Oil,1.0,20.0,20.0
ORD_0665,Coat Hanger,1.0,87.64,87.64
ORD_1039,Soup,7.0,26.96,94.36
ORD_0892,Graphics Card,7.0,289.49,2026.43
ORD_0864,Coat Hanger,8.0,,
ORD_0986,Mascara,3.0,27.26,81.78
ORD_0743,Badminton Set,,178.08,
ORD_0866,Plant Pot,8.0,118.04,944.32
ORD_0564,Earbuds,8.0,1420.23,11361.84
ORD_1021,Running Shoes,4.0,19.47,77.88
ORD_0416,Coffee,3.0,9.46,28.38
ORD_0496,Dried Fruit,10.0,20.0,200.0
ORD_0096,Running Shoes,7.0,19.47,136.29
ORD_1159,Nail Polish,9.0,43.42,390.78
ORD_0478,Knee Pads,6.0,37.22,223.32
ORD_0485,Mascara,1.0,27.26,27.26
ORD_0231,Tennis Racket,2.0,254.89,509.78
ORD_0376,Mug,5.0,92.79,533.54
ORD_0933,Shower Gel,2.0,31.86,63.72
ORD_0749,Sweater,4.0,132.17,528.68
ORD_0840,Microphone,8.0,779.69,6237.52
ORD_0731,Coat,3.0,130.08,390.24
ORD_1195,Dried Fruit,8.0,20.0,160.0
ORD_0649,Coffee,9.0,9.46,85.14
ORD_0002,Face Mask,6.0,52.96,317.76
ORD_1181,Dumbbell,2.0,180.1,360.2
ORD_0541,Router,5.0,173.62,868.1
ORD_0558,Earbuds,7.0,1420.23,8450.37
ORD_1060,Dried Fruit,8.0,20.0,160.0
ORD_0845,Soup,3.0,26.96,80.88
ORD_0525,Olive Oil,5.0,15.63,78.15
ORD_0796,Sports Watch,10.0,35.57,355.7
ORD_1184,Cardigan,5.0,131.63,658.15
ORD_0811,Deodorant,10.0,49.92,499.2
ORD_0365,Belt,7.0,53.41,373.87
ORD_0919,Mirror,4.0,34.64,138.56
ORD_1110,Blazer,6.0,88.9,533.4
ORD_0640,USB Hub,6.0,107.53,645.18
ORD_0578,Coat Hanger,10.0,87.64,876.4
ORD_0179,Smart TV,9.0,563.86,5074.74
ORD_1109,Mirror,10.0,34.64,346.4
ORD_0168,Honey,5.0,3.42,17.1
ORD_0758,Tennis Racket,1.0,254.89,254.89
ORD_0682,Dried Fruit,8.0,20.0,240.0
ORD_0360,Skipping Rope,4.0,152.47,609.88
ORD_0145,Foam Roller,8.0,77.79,622.32
ORD_0769,Dried Fruit,9.0,20.0,180.0
ORD_0988,Vase,10.0,74.99,749.9
ORD_0178,Microphone,4.0,779.69,2650.95
ORD_0557,Plant Pot,6.0,118.04,708.24
ORD_1013,Tennis Racket,2.0,254.89,509.78
ORD_0854,Instant Noodles,8.0,29.39,235.12
ORD_0123,Jump Rope,7.0,112.2,785.4
ORD_0862,Cushion,2.0,6.27,12.54
ORD_1133,Hoodie,3.0,158.66,475.98
ORD_0369,Picture Frame,10.0,88.73,887.3
ORD_0579,Doormat,,119.9,
ORD_0653,Rug,6.0,81.5,489.0
ORD_1183,Jacket,1.0,15.78,15.78
ORD_0646,Lamp,,129.35,
ORD_0796,Face Mask,5.0,52.96,264.8
ORD_1026,Yoga Mat,10.0,15.35,153.5
ORD_1007,Jump Rope,1.0,112.2,112.2
ORD_1052,Yoga Mat,,15.35,
ORD_1105,Sneakers,3.0,,
ORD_0190,Gym Bag,10.0,133.33,1333.3
ORD_0838,T-Shirt,4.0,20.0,80.0
ORD_0633,Perfume,5.0,9.51,47.55
ORD_0628,Basketball,3.0,20.0,60.0
ORD_0181,Cutting Board,7.0,37.79,264.53
ORD_0861,Storage Box,2.0,27.43,54.86
ORD_0419,Granola,2.0,3.28,6.56
ORD_0841,Microphone,7.0,,
ORD_0973,Biscuits,7.0,29.25,204.75
ORD_0355,Basketball,5.0,20.0,100.0
ORD_0710,Protein Bar,10.0,6.97,104.55
ORD_0844,Yoga Mat,,15.35,
ORD_0500,Sunscreen,,40.27,
ORD_0649,Rice,4.0,16.12,64.48
ORD_0606,Eye Cream,4.0,11.08,44.32
ORD_0310,Coat,4.0,130.08,520.32
ORD_1097,Monitor,7.0,548.49,3839.43
ORD_0318,Razor,8.0,62.25,498.0
ORD_0684,Cycling Gloves,5.0,204.17,1020.85
ORD_0870,Blazer,5.0,88.9,444.5
ORD_0664,Pasta,10.0,13.78,137.8
ORD_0045,Honey,10.0,,
ORD_1137,Hoodie,,158.66,
ORD_0516,Picture Frame,4.0,88.73,354.92
ORD_0442,Sneakers,2.0,113.26,226.52
ORD_0224,Toothbrush,7.0,77.28,540.96
ORD_0279,Tennis Racket,10.0,254.89,2548.9
ORD_0564,Candle,9.0,127.47,1147.23
ORD_0859,Plant Pot,8.0,118.04,944.32
ORD_1120,Soap Dispenser,6.0,71.41,492.73
ORD_1137,Gloves,4.0,14.13,56.52
ORD_0487,Foundation,8.0,41.65,333.2
ORD_0745,Blazer,6.0,88.9,613.41
ORD_0952,Shorts,1.0,,
ORD_0483,Water Bottle,5.0,21.73,108.65
ORD_0889,Microphone,,779.69,
ORD_1105,Leggings,2.0,21.18,42.36
ORD_0699,Crackers,2.0,24.01,48.02
ORD_0773,Polo Shirt,6.0,138.95,833.7
ORD_0113,Sweater,1.0,132.17,132.17
ORD_0002,Crackers,1.0,24.01,24.01
ORD_0642,Graphics Card,3.0,289.49,868.47
ORD_0220,Coat Hanger,6.0,87.64,525.84
ORD_0855,Perfume,7.0,9.51,66.57
ORD_0306,Body Lotion,3.0,18.63,55.89
ORD_0889,Graphics Card,1.0,289.49,289.49
ORD_0342,Rice,,16.12,
ORD_0664,Tomato Sauce,3.0,11.48,34.44
ORD_1151,Towel,6.0,142.76,856.56
ORD_1153,Smartwatch,6.0,576.28,3457.68
ORD_0249,Jump Rope,8.0,112.2,897.6
ORD_0645,Clock,6.0,137.5,825.0
ORD_0385,Toner,,20.0,
ORD_1093,Mouse,10.0,923.37,9233.7
ORD_1154,Coat Hanger,,,
ORD_1077,Dried Fruit,7.0,,
ORD_0556,Earbuds,7.0,1420.23,9941.61
ORD_1181,Dried Fruit,4.0,20.0,80.0
ORD_0735,Soap Dispenser,7.0,71.41,499.87
ORD_0480,Tea,10.0,3.37,33.7
ORD_0734,Rug,8.0,81.5,652.0
ORD_0730,Rice,3.0,16.12,48.36
ORD_0247,Running Shoes,,19.47,
ORD_0836,Monitor,4.0,548.49,2193.96
ORD_0203,Socks,5.0,68.84,344.2
ORD_0709,Shower Gel,6.0,31.86,191.16
ORD_0091,Running Shoes,1.0,19.47,19.47
ORD_0123,Tennis Racket,,254.89,
ORD_0401,Shampoo,8.0,48.94,587.28
ORD_0767,Eye Cream,2.0,11.08,22.16
ORD_0294,Soap Dispenser,5.0,71.41,357.05
ORD_0686,Swimwear,7.0,130.23,911.61
ORD_0280,Jacket,3.0,15.78,47.34
ORD_0220,Rug,3.0,81.5,366.75
ORD_0319,Hoodie,8.0,158.66,1269.28
ORD_0350,Socks,8.0,,
ORD_0670,Jump Rope,3.0,112.2,336.6
ORD_0581,Jeans,3.0,20.0,60.0
ORD_0884,Plant Pot,2.0,118.04,354.12
ORD_1062,Nuts,9.0,29.61,266.49
ORD_0199,SSD Drive,5.0,819.93,4714.6
ORD_0258,Crackers,5.0,24.01,120.05
ORD_0185,Leggings,4.0,21.18,84.72
ORD_0198,Knee Pads,7.0,,
ORD_1176,SSD Drive,10.0,819.93,8199.3
ORD_0982,Polo Shirt,3.0,138.95,416.85
ORD_0196,Storage Box,,27.43,
ORD_0752,Mug,10.0,92.79,927.9
ORD_0531,Towel,2.0,142.76,285.52
ORD_0144,Fitness Tracker,,228.04,
ORD_0304,Jeans,,20.0,
ORD_0926,Tea,,3.37,
ORD_0558,Speaker,3.0,,
ORD_0609,Knee Pads,4.0,37.22,148.88
ORD_1148,Mirror,3.0,34.64,103.92
ORD_0083,Lip Balm,9.0,41.42,372.78
ORD_0199,Earbuds,,1420.23,
ORD_0187,Running Shoes,5.0,19.47,97.35
ORD_0464,Sweater,7.0,132.17,925.19
ORD_0698,Smartphone,5.0,945.45,4727.25
ORD_0660,Jeans,9.0,20.0,180.0
ORD_0764,Earbuds,3.0,1420.23,4260.69
ORD_0941,Earbuds,4.0,1420.23,5680.92
ORD_0955,Webcam,6.0,1047.62,6285.72
ORD_0879,Sports Watch,5.0,35.57,177.85
ORD_0435,Belt,5.0,53.41,267.05
ORD_0128,Earbuds,10.0,1420.23,14202.3
ORD_0789,Plant Pot,9.0,118.04,1062.36
ORD_0403,USB Hub,8.0,107.53,860.24
ORD_0147,Lamp,7.0,129.35,905.45
ORD_0522,Belt,8.0,53.41,491.37
ORD_0769,Plant Pot,1.0,118.04,118.04
ORD_1040,Honey,,3.42,
ORD_1172,Badminton Set,2.0,178.08,356.16
ORD_0866,Headphones,2.0,750.23,1275.39
ORD_0129,Dumbbell,1.0,180.1,180.1
ORD_0864,Kitchen Timer,3.0,72.94,218.82
ORD_1200,Yoga Mat,4.0,,
ORD_0083,Nail Polish,1.0,43.42,49.93
ORD_0489,Dried Fruit,3.0,,
ORD_1192,Rice,5.0,16.12,120.9
ORD_0344,Jeans,10.0,20.0,200.0
ORD_0987,Biscuits,7.0,29.25,204.75
ORD_0929,Towel,3.0,,
ORD_0507,Plant Pot,6.0,118.04,708.24
ORD_0876,Toothbrush,8.0,77.28,618.24
ORD_0443,Swimwear,1.0,130.23,130.23
ORD_0551,Swimwear,8.0,130.23,1041.84
ORD_0518,Face Mask,10.0,52.96,529.6
ORD_0338,Sneakers,3.0,113.26,339.78
ORD_0133,Nail Polish,4.0,43.42,147.63
ORD_0588,Swim Goggles,1.0,20.0,20.0
ORD_0332,Laptop,1.0,20.0,30.0
ORD_0349,Serum,8.0,51.72,413.76
ORD_0614,Sports Watch,10.0,35.57,302.34
ORD_0260,Swim Goggles,8.0,,
ORD_0872,Sports Watch,2.0,,
ORD_0641,Serum,4.0,51.72,206.88
ORD_0473,Graphics Card,6.0,289.49,1736.94
ORD_0151,Swimwear,8.0,130.23,1041.84
ORD_0189,Knee Pads,10.0,37.22,372.2
ORD_0237,Resistance Band,8.0,267.11,3205.32
ORD_0263,Water Bottle,6.0,,
ORD_0144,Rug,8.0,81.5,652.0
ORD_0176,Coat,1.0,130.08,130.08
ORD_0881,Keyboard,10.0,20.0,300.0
ORD_0346,Doormat,8.0,119.9,959.2
ORD_0942,Monitor,8.0,548.49,4387.92
ORD_0624,Charger,7.0,1142.39,7996.73
ORD_1086,Coasters,,113.24,
ORD_0835,Blazer,8.0,88.9,711.2
ORD_0287,Lamp,1.0,129.35,129.35
ORD_0813,Power Bank,7.0,266.91,1868.37
ORD_0856,Hoodie,2.0,158.66,317.32
ORD_0099,Shorts,2.0,151.9,303.8
ORD_1017,Mouse,9.0,923.37,8310.33
ORD_0881,Football,7.0,122.47,857.29
ORD_0002,Fitness Tracker,1.0,228.04,114.02
ORD_0154,Lip Balm,1.0,41.42,41.42
ORD_0897,Sports Watch,1.0,35.57,35.57
ORD_0254,Running Shoes,10.0,19.47,194.7
ORD_0453,Laundry Basket,8.0,,
ORD_1061,Coasters,3.0,113.24,339.72
ORD_1184,Resistance Band,4.0,267.11,1068.44
ORD_0733,Keyboard,3.0,20.0,30.0
ORD_0119,Vase,10.0,74.99,749.9
ORD_1015,Body Lotion,3.0,18.63,55.89
ORD_0050,Dried Fruit,,20.0,
ORD_0768,Water Bottle,,,
ORD_0009,Router,7.0,173.62,1215.34
ORD_0957,Belt,3.0,53.41,160.23
ORD_0179,Mug,2.0,92.79,185.58
ORD_1123,Coat Hanger,4.0,87.64,350.56
ORD_1060,Speaker,,,
ORD_0816,Razor,,62.25,
ORD_0526,Soap Dispenser,6.0,71.41,428.46
ORD_0208,Protein Bar,10.0,6.97,69.7
ORD_0935,Towel,9.0,142.76,1284.84
ORD_0335,Jeans,1.0,20.0,20.0
ORD_1155,Belt,4.0,53.41,213.64
ORD_0280,Badminton Set,10.0,178.08,2671.2
ORD_0713,Resistance Band,,267.11,
ORD_0963,Smartphone,1.0,945.45,472.73
ORD_0419,Instant Noodles,6.0,29.39,176.34
ORD_0404,Jeans,3.0,20.0,60.0
ORD_0332,Rice,1.0,,
ORD_0152,Swim Goggles,,20.0,
ORD_0243,Router,7.0,173.62,1215.34
ORD_0054,Blazer,1.0,88.9,88.9
ORD_0001,Headphones,7.0,750.23,5251.61
ORD_1144,Serum,8.0,51.72,413.76
ORD_0628,Football,5.0,,
ORD_0424,Kitchen Timer,1.0,72.94,72.94
ORD_0587,Towel,5.0,142.76,713.8
ORD_1077,Face Cream,9.0,23.96,215.64
ORD_0104,Tea,4.0,3.37,13.48
ORD_0893,Badminton Set,1.0,178.08,178.08
ORD_0481,Soap Dispenser,6.0,71.41,428.46
ORD_1077,Gloves,3.0,14.13,42.39
ORD_0254,Face Cream,8.0,23.96,191.68
ORD_0790,Skirt,2.0,136.95,273.9
ORD_1136,Smartwatch,4.0,576.28,2305.12
ORD_0510,Fitness Tracker,9.0,228.04,2052.36
ORD_0099,Hoodie,1.0,,
ORD_0775,Coat Hanger,,87.64,
ORD_0875,Tablet,,,
ORD_0153,Candle,7.0,127.47,892.29
ORD_0283,Hoodie,3.0,158.66,475.98
ORD_0914,Badminton Set,,178.08,
ORD_0878,Coat Hanger,10.0,87.64,876.4
ORD_0338,SSD Drive,4.0,819.93,3279.72
ORD_0822,Tomato Sauce,,11.48,
ORD_0674,Power Bank,9.0,266.91,2402.19
ORD_1187,Vase,8.0,74.99,599.92
ORD_0222,Knee Pads,6.0,37.22,223.32
ORD_0874,Tomato Sauce,8.0,11.48,91.84
ORD_0957,Peanut Butter,6.0,28.1,168.6
ORD_0782,Oats,8.0,11.67,93.36
ORD_0590,Microphone,4.0,,
ORD_1180,Dress,7.0,65.57,458.99
ORD_0335,Coat,10.0,130.08,1495.92
ORD_0161,Blazer,10.0,88.9,889.0
ORD_0357,Knee Pads,7.0,37.22,260.54
ORD_0543,SSD Drive,9.0,819.93,7379.37
ORD_0801,Yoga Mat,2.0,15.35,30.7
ORD_0398,Dumbbell,1.0,180.1,180.1
ORD_0816,Lip Balm,1.0,41.42,41.42
ORD_0251,Boots,1.0,20.0,20.0
ORD_0656,Cutting Board,1.0,37.79,37.79
ORD_1159,Doormat,1.0,119.9,119.9
ORD_0268,Peanut Butter,1.0,,
ORD_0574,Coat,2.0,130.08,260.16
ORD_0147,Shorts,,151.9,
ORD_0843,Shorts,2.0,151.9,303.8
ORD_0561,Foam Roller,3.0,77.79,233.37
ORD_0401,Hat,,165.24,
ORD_0212,Hat,9.0,165.24,1487.16
ORD_0122,Coffee,10.0,9.46,94.6
ORD_1152,Plant Pot,4.0,118.04,472.16
ORD_0640,Basketball,2.0,20.0,40.0
ORD_0644,Blanket,5.0,37.47,187.35
ORD_0853,Monitor,4.0,548.49,2193.96
ORD_1057,Biscuits,4.0,29.25,117.0
ORD_0262,Keyboard,3.0,20.0,60.0
ORD_1044,Plant Pot,5.0,118.04,590.2
ORD_0688,Nail Polish,4.0,43.42,173.68
ORD_0460,Coasters,1.0,113.24,113.24
ORD_0572,Swimwear,9.0,130.23,1172.07
ORD_0607,Vase,6.0,74.99,449.94
ORD_0169,Nuts,6.0,29.61,177.66
ORD_0048,Rice,5.0,16.12,80.6
ORD_0955,Microphone,8.0,779.69,6237.52
ORD_0470,Doormat,3.0,119.9,359.7
ORD_1046,Perfume,2.0,9.51,19.02
ORD_0837,Jeans,1.0,20.0,20.0
ORD_0155,Chocolate,7.0,13.22,92.54
ORD_1045,Basketball,2.0,20.0,40.0
ORD_0765,Football,4.0,122.47,244.94
ORD_0750,Swim Goggles,,20.0,
ORD_0038,Blazer,3.0,88.9,133.35
ORD_0230,Lip Balm,2.0,41.42,82.84
ORD_0563,Lamp,2.0,129.35,258.7
ORD_0560,Football,,122.47,
ORD_0177,Tennis Racket,6.0,254.89,1529.34
ORD_0209,Skipping Rope,10.0,152.47,2287.05
ORD_1031,Boots,8.0,20.0,136.0
ORD_0473,Foundation,2.0,41.65,83.3
ORD_0438,Leggings,5.0,21.18,158.85
ORD_0027,Mouse,10.0,,
ORD_0226,Coat Hanger,6.0,87.64,525.84
ORD_0429,Keyboard,1.0,,
ORD_0733,Hat,3.0,,
ORD_0250,Laptop,3.0,20.0,60.0
ORD_0415,Football,6.0,122.47,734.82
ORD_0039,Boots,8.0,20.0,160.0
ORD_0798,Badminton Set,,178.08,
ORD_0284,Swimwear,1.0,,
ORD_0679,Dress,10.0,65.57,655.7
ORD_1018,Rug,1.0,81.5,81.5
ORD_0949,Coffee,3.0,9.46,28.38
ORD_0414,SSD Drive,,819.93,
ORD_1039,Soap Dispenser,6.0,71.41,428.46
ORD_0879,Dried Fruit,1.0,20.0,10.0
ORD_0631,Skipping Rope,10.0,152.47,1524.7
ORD_0960,Speaker,5.0,1049.85,5249.25
ORD_0453,Badminton Set,6.0,178.08,1068.48
ORD_0601,Peanut Butter,8.0,,
ORD_1020,Gloves,9.0,14.13,127.17
ORD_1067,Storage Box,1.0,27.43,27.43
ORD_0816,Smart TV,8.0,563.86,4510.88
ORD_0401,Blazer,6.0,88.9,533.4
ORD_1165,Shorts,3.0,151.9,455.7
ORD_0659,Belt,10.0,53.41,534.1
ORD_0547,USB Hub,7.0,107.53,752.71
ORD_1073,Yoga Mat,5.0,15.35,76.75
ORD_0017,Candle,6.0,127.47,764.82
ORD_1196,Face Mask,2.0,52.96,105.92
ORD_0705,T-Shirt,4.0,20.0,80.0
ORD_0158,Tomato Sauce,3.0,11.48,34.44
ORD_0477,Jacket,4.0,15.78,63.12
ORD_1126,Shorts,5.0,151.9,759.5
ORD_1070,Running Shoes,1.0,19.47,16.55
ORD_0271,Cardigan,5.0,131.63,658.15
ORD_0518,Power Bank,4.0,,
ORD_0099,Boots,9.0,,
ORD_0725,Coffee,6.0,9.46,56.76
ORD_0673,Peanut Butter,1.0,28.1,42.15
ORD_0139,Granola,3.0,,
ORD_1061,Clock,10.0,137.5,1375.0
ORD_0280,Cutting Board,9.0,37.79,340.11
ORD_0192,Nuts,10.0,29.61,296.1
ORD_0497,Leggings,2.0,21.18,36.01
ORD_0733,Pasta,4.0,13.78,55.12
ORD_0302,Shorts,8.0,151.9,1032.92
ORD_0765,Cereal,10.0,7.98,79.8
ORD_0258,USB Hub,1.0,107.53,107.53
ORD_0054,Running Shoes,2.0,19.47,38.94
ORD_0181,Keyboard,9.0,20.0,180.0
ORD_0607,Toner,2.0,20.0,40.0
ORD_0381,Crackers,9.0,24.01,216.09
ORD_1123,Blanket,4.0,37.47,149.88
ORD_0700,Sports Watch,3.0,35.57,53.36
ORD_0889,Hat,6.0,165.24,991.44
ORD_1095,Instant Noodles,,29.39,
ORD_0166,Soup,7.0,26.96,188.72
ORD_0993,Knee Pads,7.0,37.22,260.54
ORD_0948,Swimwear,9.0,130.23,1172.07
ORD_1140,Biscuits,1.0,29.25,29.25
ORD_0191,Perfume,6.0,,
ORD_0570,Sneakers,8.0,113.26,906.08
ORD_0167,Chocolate,1.0,13.22,13.22
ORD_0886,Shower Gel,5.0,31.86,159.3
ORD_0253,Instant Noodles,7.0,,
ORD_1117,Router,1.0,,
ORD_0981,Soup,8.0,26.96,215.68
ORD_0928,Rice,7.0,16.12,56.42
ORD_1185,Skirt,2.0,136.95,273.9
ORD_0864,Jam,4.0,7.71,30.84
ORD_0045,Webcam,1.0,1047.62,1047.62
ORD_0128,Resistance Band,1.0,267.11,267.11
ORD_1075,Swim Goggles,10.0,20.0,200.0
ORD_0018,Yoga Mat,7.0,15.35,107.45
ORD_0566,Nuts,4.0,29.61,59.22
ORD_0050,Mascara,,27.26,
ORD_0624,Granola,4.0,3.28,13.12
ORD_0434,Skirt,2.0,136.95,273.9
ORD_0570,Biscuits,10.0,29.25,292.5
ORD_0686,Soap Dispenser,6.0,71.41,642.69
ORD_0626,Boots,2.0,20.0,40.0
ORD_0854,Cycling Gloves,9.0,204.17,1837.53
ORD_0962,Peanut Butter,4.0,,
ORD_0747,Hoodie,,158.66,
ORD_0535,Hat,10.0,165.24,1652.4
ORD_0155,Crackers,6.0,24.01,144.06
ORD_0490,Dumbbell,1.0,180.1,180.1
ORD_0785,Dumbbell,1.0,180.1,180.1
ORD_1128,Speaker,,1049.85,
ORD_0246,Hoodie,2.0,158.66,317.32
ORD_0684,Resistance Band,9.0,267.11,2403.99
ORD_1200,Hair Oil,3.0,20.0,60.0
ORD_0551,Socks,8.0,68.84,826.08
ORD_1063,Microphone,9.0,779.69,7017.21
ORD_0759,Laundry Basket,1.0,119.13,119.13
ORD_0538,Speaker,2.0,1049.85,2099.7
ORD_0921,Soup,2.0,26.96,53.92
ORD_0408,Shorts,9.0,151.9,1367.1
ORD_0525,Smartwatch,1.0,576.28,576.28
ORD_0828,Instant Noodles,1.0,29.39,29.39
ORD_0903,Laundry Basket,8.0,,
ORD_0036,Monitor,6.0,548.49,3290.94
ORD_0398,Cushion,6.0,6.27,37.62
ORD_0685,Jam,,7.71,
ORD_0213,Shower Gel,2.0,31.86,63.72
ORD_0020,Protein Bar,10.0,6.97,34.85
ORD_1141,Rug,9.0,81.5,733.5
ORD_1200,Cereal,8.0,7.98,63.84
ORD_0897,Jeans,8.0,20.0,160.0
ORD_0321,SSD Drive,1.0,819.93,819.93
ORD_0512,Swimwear,7.0,130.23,911.61
ORD_0400,Water Bottle,9.0,21.73,195.57
ORD_0654,Foundation,2.0,41.65,83.3
ORD_0055,Granola,,3.28,
ORD_0944,Eye Cream,3.0,11.08,33.24
ORD_0972,Skipping Rope,3.0,152.47,457.41
ORD_0226,Coffee,9.0,9.46,85.14
ORD_0471,Keyboard,1.0,20.0,20.0
ORD_1167,Kitchen Timer,5.0,72.94,364.7
ORD_0576,Pasta,4.0,13.78,55.12
ORD_1116,Power Bank,9.0,266.91,2402.19
ORD_0460,Clock,4.0,137.5,550.0
ORD_0365,Football,4.0,122.47,489.88
ORD_0834,Basketball,7.0,20.0,140.0
ORD_0913,Polo Shirt,1.0,138.95,138.95
ORD_0727,Gamepad,4.0,1043.03,2086.06
ORD_0854,Candle,2.0,127.47,254.94
ORD_0051,Skipping Rope,4.0,152.47,609.88
ORD_0294,Smartwatch,10.0,576.28,5762.8
ORD_0575,Monitor,1.0,548.49,548.49
ORD_1149,Mouse,4.0,923.37,3693.48
ORD_0150,Smartwatch,,576.28,
ORD_0314,Crackers,9.0,24.01,216.09
ORD_0570,Sunscreen,3.0,40.27,120.81
ORD_0984,Socks,8.0,68.84,550.72
ORD_0151,Boots,10.0,20.0,200.0
ORD_0464,Dress,1.0,65.57,65.57
ORD_0404,Pasta,7.0,13.78,96.46
ORD_0305,Basketball,9.0,20.0,270.0
ORD_0611,Picture Frame,7.0,,
ORD_0682,Coat,,130.08,
ORD_0838,Webcam,8.0,1047.62,12571.44
ORD_1078,Olive Oil,2.0,15.63,31.26
ORD_1003,Plant Pot,6.0,118.04,602.0
ORD_0905,Dress,,65.57,
ORD_0444,Belt,6.0,53.41,320.46
ORD_0613,Tablet,8.0,1346.72,10773.76
ORD_0913,Cereal,3.0,7.98,23.94
ORD_0217,Smartwatch,8.0,576.28,4610.24
ORD_0993,Headphones,4.0,750.23,3000.92
ORD_0264,Protein Bar,1.0,6.97,6.97
ORD_1077,Tablet,10.0,,
ORD_1004,Tennis Racket,3.0,254.89,764.67
ORD_0318,Soap Dispenser,5.0,71.41,357.05
ORD_0279,Face Cream,7.0,23.96,167.72
ORD_0848,Gamepad,10.0,1043.03,10430.3
ORD_0729,Plant Pot,3.0,118.04,354.12
ORD_0005,Gloves,,14.13,
ORD_1116,Doormat,10.0,119.9,1199.0
ORD_0247,Tomato Sauce,6.0,11.48,68.88
ORD_1127,Gloves,7.0,14.13,98.91
ORD_0508,Peanut Butter,3.0,28.1,84.3
ORD_0542,Picture Frame,8.0,88.73,709.84
ORD_0774,Storage Box,6.0,27.43,164.58
ORD_1123,Boots,7.0,20.0,140.0
ORD_0877,Rice,8.0,16.12,128.96
ORD_0454,Swimwear,1.0,130.23,130.23
ORD_0992,Blanket,4.0,37.47,149.88
ORD_0403,Hoodie,6.0,158.66,1094.75
ORD_0128,Cycling Gloves,3.0,204.17,612.51
ORD_0112,Serum,10.0,51.72,517.2
ORD_0884,Sweater,8.0,132.17,1057.36
ORD_0118,Jam,3.0,7.71,23.13
ORD_0025,Gym Bag,3.0,133.33,399.99
ORD_0767,Polo Shirt,8.0,138.95,1111.6
ORD_0047,Nuts,3.0,29.61,88.83
ORD_0713,Charger,7.0,1142.39,11995.1
ORD_0867,Gym Bag,5.0,133.33,666.65
ORD_0786,Instant Noodles,2.0,29.39,58.78
ORD_0823,Toner,2.0,20.0,40.0
ORD_0078,Oats,2.0,11.67,23.34
ORD_1059,Laptop,3.0,20.0,60.0
ORD_0936,Mouse,8.0,923.37,11080.44
ORD_0610,USB Hub,2.0,107.53,215.06
ORD_0080,Picture Frame,8.0,88.73,709.84
ORD_0656,Coasters,1.0,113.24,113.24
ORD_0702,Laundry Basket,,119.13,
ORD_0269,Scarf,5.0,142.73,820.7
ORD_0951,Deodorant,9.0,49.92,449.28
ORD_0582,Lip Balm,6.0,41.42,248.52
ORD_0370,Belt,4.0,53.41,213.64
ORD_0988,Basketball,5.0,20.0,100.0
ORD_1164,Foundation,1.0,41.65,41.65
ORD_0636,Storage Box,8.0,,
ORD_1130,Shampoo,6.0,48.94,293.64
ORD_0657,Blanket,1.0,37.47,37.47
ORD_0081,Belt,4.0,53.41,213.64
ORD_0241,Pasta,9.0,13.78,124.02
ORD_0790,Mouse,5.0,923.37,4616.85
ORD_0120,Fitness Tracker,3.0,228.04,1026.18
ORD_0575,Smartwatch,,576.28,
ORD_0001,Jump Rope,,112.2,
ORD_0205,Water Bottle,4.0,21.73,86.92
ORD_0831,Coasters,,,
ORD_1083,Mascara,1.0,27.26,27.26
ORD_0241,Jump Rope,10.0,112.2,1122.0
ORD_0133,Toner,3.0,,
ORD_0420,Smartwatch,4.0,576.28,2305.12
ORD_1087,Smartwatch,5.0,576.28,2881.4
ORD_1082,SSD Drive,1.0,,
ORD_0582,Blanket,5.0,37.47,187.35
ORD_0721,Microphone,6.0,779.69,4678.14
ORD_0741,Boots,3.0,,
ORD_0547,Tomato Sauce,5.0,11.48,57.4
ORD_0158,Mirror,,34.64,
ORD_0597,Laundry Basket,,119.13,
ORD_0758,Coat Hanger,9.0,87.64,788.76
ORD_0117,Water Bottle,7.0,21.73,152.11
ORD_0098,Mascara,,27.26,
ORD_0148,Eye Cream,3.0,11.08,33.24
ORD_1063,Bicycle Helmet,2.0,293.98,293.98
ORD_1079,Headphones,6.0,750.23,4501.38
ORD_0791,Keyboard,3.0,,
ORD_1151,Jacket,9.0,15.78,142.02
ORD_1060,Instant Noodles,10.0,29.39,293.9
ORD_0128,Granola,10.0,,
ORD_1013,Jacket,8.0,15.78,63.12
ORD_1082,Headphones,,750.23,
ORD_0300,Jacket,8.0,15.78,126.24
ORD_0250,Hair Oil,10.0,,
ORD_0634,Towel,10.0,142.76,1427.6
ORD_0252,Boots,9.0,20.0,180.0
ORD_0513,Honey,1.0,3.42,3.42
ORD_0802,Storage Box,5.0,27.43,137.15
ORD_1120,Instant Noodles,9.0,29.39,264.51
ORD_0518,Protein Bar,4.0,6.97,27.88
ORD_1142,Basketball,4.0,20.0,40.0
ORD_0650,Chocolate,3.0,13.22,39.66
ORD_0560,Skipping Rope,6.0,152.47,457.41
ORD_0488,Shorts,9.0,151.9,1367.1
ORD_0561,Keyboard,9.0,20.0,180.0
ORD_0470,Biscuits,10.0,29.25,292.5
ORD_0476,Lip Balm,1.0,41.42,41.42
ORD_0897,Razor,7.0,62.25,435.75
ORD_0704,Doormat,4.0,119.9,479.6
ORD_0581,Dried Fruit,2.0,20.0,40.0
ORD_0500,Badminton Set,,178.08,
ORD_1167,Resistance Band,1.0,267.11,267.11
ORD_0790,Lip Balm,8.0,41.42,331.36
ORD_0681,Cereal,6.0,,
ORD_0628,Gym Bag,8.0,133.33,906.64
ORD_0861,Shorts,6.0,151.9,911.4
ORD_0861,Eye Cream,2.0,11.08,22.16
ORD_1081,Vase,1.0,74.99,74.99
ORD_1063,Mouse,3.0,923.37,2770.11
ORD_0247,Sunscreen,8.0,40.27,273.84
ORD_0241,Laundry Basket,5.0,119.13,595.65
ORD_1100,Laundry Basket,3.0,,
ORD_0154,Jam,7.0,7.71,53.97
ORD_0997,Tablet,,1346.72,
ORD_0571,Perfume,8.0,9.51,76.08
ORD_0685,Skipping Rope,8.0,152.47,1219.76
ORD_1110,Microphone,3.0,779.69,2339.07
ORD_0697,Tomato Sauce,,11.48,
ORD_1093,Rice,8.0,16.12,128.96
ORD_0174,Tea,9.0,3.37,45.5
ORD_0952,Graphics Card,4.0,289.49,1157.96
ORD_0378,Boots,4.0,20.0,80.0
ORD_0760,Biscuits,6.0,,
ORD_1119,Kitchen Timer,10.0,72.94,729.4
ORD_1071,Razor,,62.25,
ORD_0540,Tennis Racket,9.0,254.89,2294.01
ORD_1009,Tablet,1.0,1346.72,673.36
ORD_0094,Rug,9.0,81.5,733.5
ORD_0958,Router,,173.62,
ORD_1012,Tomato Sauce,5.0,11.48,57.4
ORD_0453,Instant Noodles,5.0,29.39,146.95
ORD_0912,Laundry Basket,7.0,119.13,833.91
ORD_0706,Doormat,4.0,119.9,479.6
ORD_0708,Lip Balm,7.0,41.42,289.94
ORD_0218,Peanut Butter,7.0,28.1,196.7
ORD_0474,Instant Noodles,8.0,29.39,235.12
ORD_0752,Coat,1.0,130.08,130.08
ORD_0035,Running Shoes,2.0,19.47,38.94
ORD_0594,Soap Dispenser,4.0,71.41,285.64
ORD_0432,Fitness Tracker,9.0,,
ORD_0089,Olive Oil,9.0,,
ORD_0341,Chocolate,4.0,13.22,52.88
ORD_0013,Lip Balm,6.0,41.42,248.52
ORD_0551,Pasta,10.0,13.78,137.8
ORD_0357,Charger,7.0,1142.39,7996.73
ORD_0023,Resistance Band,5.0,267.11,1335.55
ORD_0522,Foundation,4.0,41.65,166.6
ORD_0078,Face Mask,1.0,,
ORD_1124,Jeans,2.0,20.0,40.0
ORD_0802,Cereal,2.0,7.98,15.96
ORD_0762,Cutting Board,1.0,37.79,37.79
ORD_0372,Gamepad,8.0,1043.03,8344.24
ORD_0170,Badminton Set,7.0,178.08,1246.56
ORD_0404,Nail Polish,10.0,43.42,434.2
ORD_0442,Granola,5.0,3.28,16.4
ORD_0747,Headphones,6.0,750.23,4501.38
ORD_0154,Running Shoes,10.0,19.47,194.7
ORD_0769,Earbuds,6.0,1420.23,8521.38
ORD_1016,Power Bank,5.0,266.91,1334.55
ORD_0076,Plant Pot,2.0,118.04,236.08
ORD_0990,SSD Drive,1.0,819.93,819.93
ORD_0516,Jacket,8.0,15.78,126.24
ORD_0187,USB Hub,2.0,107.53,215.06
ORD_1040,Sweater,5.0,132.17,660.85
ORD_0491,Perfume,,9.51,
ORD_0792,Shorts,9.0,151.9,1367.1
ORD_0184,Boots,6.0,20.0,120.0
ORD_0336,Candle,5.0,127.47,637.35
ORD_0493,USB Hub,7.0,107.53,1129.07
ORD_0092,Doormat,2.0,119.9,275.77
ORD_0879,Mouse,6.0,923.37,5540.22
ORD_0354,Belt,7.0,53.41,186.94
ORD_0182,Dumbbell,7.0,180.1,1260.7
ORD_0258,Smart TV,6.0,563.86,3383.16
ORD_0682,Kitchen Timer,2.0,72.94,72.94
ORD_0497,Badminton Set,9.0,178.08,1602.72
ORD_0508,Smartwatch,1.0,576.28,288.14
ORD_0896,Lamp,5.0,129.35,646.75
ORD_0160,Doormat,1.0,119.9,119.9
ORD_0852,Mirror,7.0,34.64,242.48
ORD_0880,Dress,4.0,65.57,262.28
ORD_0690,Scarf,4.0,142.73,570.92
ORD_0380,Blanket,9.0,37.47,337.23
ORD_0115,Soap Dispenser,7.0,71.41,499.87
ORD_0957,Cushion,8.0,,
ORD_0095,Jump Rope,,112.2,
ORD_0796,Cardigan,1.0,131.63,131.63
ORD_0735,Mascara,7.0,27.26,190.82
ORD_0983,Swimwear,6.0,130.23,781.38
ORD_0691,Sweater,6.0,132.17,396.51
ORD_1188,Deodorant,8.0,49.92,399.36
ORD_1192,Pasta,6.0,13.78,82.68
ORD_1067,Candle,9.0,127.47,1147.23
ORD_0736,Cutting Board,2.0,37.79,75.58
ORD_0029,Tablet,9.0,1346.72,12120.48
ORD_0285,Headphones,7.0,750.23,5251.61
ORD_0397,Shower Gel,3.0,31.86,95.58
ORD_1194,Deodorant,2.0,49.92,49.92
ORD_0012,Socks,5.0,68.84,344.2
ORD_0499,Resistance Band,2.0,267.11,534.22
ORD_0718,Yoga Mat,10.0,15.35,153.5
ORD_0754,Lip Balm,3.0,41.42,124.26
ORD_0035,Rice,2.0,16.12,32.24
ORD_0727,Gloves,3.0,14.13,42.39
ORD_0849,Jacket,1.0,15.78,15.78
ORD_0618,Cardigan,7.0,131.63,921.41
ORD_0090,Blazer,1.0,88.9,88.9
ORD_0830,Mug,6.0,92.79,556.74
ORD_0776,Razor,,,
ORD_1193,Football,3.0,122.47,367.41
ORD_0605,Vase,10.0,74.99,749.9
ORD_0970,Running Shoes,1.0,,
ORD_1022,Tablet,4.0,1346.72,5386.88
ORD_0878,Cardigan,4.0,131.63,526.52
ORD_0017,Shorts,8.0,151.9,1215.2
ORD_0621,Cereal,7.0,7.98,55.86
ORD_0418,Biscuits,2.0,29.25,58.5
ORD_0115,Graphics Card,1.0,289.49,289.49
ORD_0617,Blanket,8.0,37.47,299.76
ORD_0515,Picture Frame,6.0,88.73,532.38
ORD_0826,Mug,10.0,92.79,927.9
ORD_1099,Gloves,1.0,14.13,14.13
ORD_0010,Dried Fruit,10.0,20.0,200.0
ORD_0413,Chocolate,2.0,,
ORD_0538,Sports Watch,1.0,35.57,35.57
ORD_0729,Running Shoes,7.0,19.47,136.29
ORD_1021,Headphones,5.0,750.23,3751.15
ORD_0882,Resistance Band,10.0,267.11,2671.1
ORD_1018,Kitchen Timer,2.0,,
ORD_0761,Eye Cream,4.0,11.08,50.97
ORD_0976,Jam,6.0,7.71,46.26
ORD_0138,Microphone,3.0,779.69,2339.07
ORD_1071,Tea,8.0,3.37,26.96
ORD_0676,Smartphone,4.0,945.45,3781.8
ORD_0457,Instant Noodles,1.0,,
ORD_0920,T-Shirt,4.0,20.0,80.0
ORD_0192,Soap Dispenser,2.0,71.41,142.82
ORD_0739,Water Bottle,7.0,21.73,152.11
ORD_1123,Jacket,9.0,15.78,142.02
ORD_0978,Monitor,1.0,548.49,548.49
ORD_0135,Earbuds,10.0,,
ORD_1106,Laundry Basket,2.0,119.13,238.26
ORD_1009,Coat,2.0,130.08,260.16
ORD_0096,Nuts,4.0,29.61,118.44
ORD_0663,Scarf,5.0,142.73,713.65
ORD_0037,Water Bottle,6.0,21.73,130.38
ORD_0713,Foundation,6.0,41.65,249.9
ORD_0279,Crackers,6.0,,
ORD_0217,Soap Dispenser,10.0,71.41,714.1
ORD_0867,Clock,6.0,137.5,825.0
ORD_0873,Rug,1.0,81.5,81.5
ORD_0062,Laundry Basket,5.0,,
ORD_0596,Kitchen Timer,3.0,72.94,218.82
ORD_1119,Coat,5.0,130.08,650.4
ORD_1166,Rice,9.0,16.12,145.08
ORD_0557,Vase,5.0,74.99,374.95
ORD_0729,Keyboard,10.0,20.0,170.0
ORD_0397,Running Shoes,10.0,19.47,194.7
ORD_0699,T-Shirt,10.0,20.0,170.0
ORD_1045,Cycling Gloves,,204.17,
ORD_1043,Tablet,4.0,1346.72,2693.44
ORD_0177,Foam Roller,3.0,77.79,233.37
ORD_0652,Kitchen Timer,2.0,72.94,145.88
ORD_0396,Granola,2.0,3.28,6.56
ORD_0302,Picture Frame,10.0,88.73,887.3
ORD_0445,Keyboard,5.0,,
ORD_0767,Body Lotion,9.0,18.63,167.67
ORD_0478,Toothbrush,6.0,77.28,231.84
ORD_0097,Candle,6.0,127.47,764.82
ORD_0076,Foam Roller,10.0,77.79,777.9
ORD_0578,Granola,5.0,3.28,8.2
ORD_0265,Pasta,3.0,13.78,41.34
ORD_0438,Scarf,8.0,142.73,1141.84
ORD_0315,Deodorant,8.0,49.92,399.36
ORD_0455,Mouse,8.0,923.37,7386.96
ORD_0718,Soup,2.0,26.96,53.92
ORD_0265,Shorts,10.0,151.9,1519.0
ORD_0735,Boots,3.0,20.0,60.0
ORD_1159,Rug,6.0,81.5,489.0
ORD_0851,SSD Drive,10.0,819.93,8199.3
ORD_0144,Serum,,51.72,
ORD_0885,Jacket,3.0,,
ORD_1093,Sunscreen,,40.27,
ORD_0671,Smartwatch,2.0,576.28,1152.56
ORD_1123,Shower Gel,9.0,31.86,286.74
ORD_0396,Microphone,7.0,779.69,5457.83
ORD_1049,Conditioner,8.0,38.22,305.76
ORD_0127,Hoodie,3.0,158.66,475.98
ORD_1021,Jam,8.0,7.71,61.68
ORD_0948,Laundry Basket,9.0,119.13,1072.17
ORD_0027,Socks,8.0,68.84,550.72
ORD_0891,Coasters,3.0,113.24,339.72
ORD_0257,Smartwatch,8.0,576.28,4610.24
ORD_1175,Knee Pads,3.0,37.22,111.66
ORD_1168,Jacket,1.0,15.78,15.78
ORD_0569,Socks,3.0,68.84,206.52
ORD_1063,Storage Box,6.0,27.43,164.58
ORD_0109,Monitor,9.0,548.49,4936.41
ORD_0243,Lamp,7.0,129.35,905.45
ORD_1066,Perfume,2.0,9.51,19.02
ORD_0935,Hair Oil,5.0,20.0,100.0
ORD_0444,Soup,10.0,26.96,269.6
ORD_0398,Webcam,5.0,,
ORD_0972,Sports Watch,8.0,35.57,284.56
ORD_0920,Storage Box,2.0,27.43,54.86
ORD_0634,Coat Hanger,8.0,87.64,806.29
ORD_0171,Cereal,5.0,7.98,39.9
ORD_0561,Laundry Basket,,119.13,
ORD_1157,Swimwear,5.0,130.23,651.15
ORD_1187,Tea,10.0,3.37,33.7
ORD_1063,Serum,6.0,,
ORD_0733,Microphone,9.0,779.69,7017.21
ORD_0235,Running Shoes,7.0,19.47,136.29
ORD_0658,Microphone,10.0,779.69,8966.43
ORD_0751,Plant Pot,8.0,118.04,944.32
ORD_0185,Granola,9.0,3.28,29.52
ORD_0588,Plant Pot,6.0,118.04,708.24
ORD_0357,Scarf,3.0,142.73,428.19
ORD_1140,Socks,5.0,68.84,344.2
ORD_1057,Conditioner,3.0,38.22,114.66
ORD_1033,Boots,,20.0,
ORD_0780,Resistance Band,9.0,267.11,2403.99
ORD_1098,Water Bottle,1.0,21.73,21.73
ORD_0268,Dried Fruit,9.0,,
ORD_0954,T-Shirt,10.0,20.0,200.0
ORD_0864,Gamepad,10.0,1043.03,10430.3
ORD_0425,Kitchen Timer,5.0,72.94,364.7
ORD_0636,Doormat,9.0,119.9,1079.1
ORD_0166,Rice,7.0,16.12,112.84
ORD_0891,Crackers,9.0,24.01,216.09
ORD_0492,Serum,2.0,51.72,103.44
ORD_0016,Earbuds,1.0,,
ORD_0913,Towel,4.0,142.76,571.04
ORD_1198,Basketball,9.0,20.0,180.0
ORD_1192,Coasters,8.0,113.24,905.92
ORD_0756,Monitor,5.0,548.49,2742.45
ORD_0473,Basketball,9.0,20.0,180.0
ORD_0170,Leggings,9.0,21.18,190.62
ORD_1139,Skirt,6.0,,
ORD_0946,Dumbbell,5.0,180.1,900.5
ORD_0012,Biscuits,8.0,29.25,234.0
ORD_0795,Smart TV,8.0,,
ORD_1091,Speaker,1.0,1049.85,1049.85
ORD_0243,Blanket,3.0,37.47,112.41
ORD_0637,Smart TV,1.0,563.86,648.44
ORD_0634,Smart TV,9.0,,
ORD_0029,Earbuds,5.0,1420.23,7101.15
ORD_1027,Candle,10.0,127.47,1274.7
ORD_1189,Laptop,,20.0,
ORD_0830,Dress,9.0,65.57,590.13
ORD_0301,Rice,6.0,16.12,48.36
ORD_0687,Coffee,2.0,9.46,18.92
ORD_0837,Crackers,1.0,24.01,24.01
ORD_0755,SSD Drive,5.0,819.93,4099.65
ORD_0339,Scarf,5.0,142.73,713.65
ORD_0500,Instant Noodles,10.0,,
ORD_0511,Clock,5.0,137.5,687.5
ORD_0217,Bicycle Helmet,6.0,,
ORD_1156,Storage Box,8.0,27.43,219.44
ORD_1094,Shorts,5.0,151.9,759.5
ORD_0445,Face Cream,7.0,23.96,167.72
ORD_0876,Olive Oil,9.0,15.63,140.67
ORD_0801,Jump Rope,,,
ORD_0318,Running Shoes,6.0,19.47,116.82
ORD_0264,Soup,1.0,26.96,26.96
ORD_0944,Hat,8.0,165.24,1520.21
ORD_0167,Hoodie,6.0,158.66,951.96
ORD_0091,Monitor,5.0,548.49,2742.45
ORD_0714,Candle,10.0,127.47,1274.7
ORD_0467,Shower Gel,4.0,31.86,108.32
ORD_0039,Cereal,10.0,7.98,79.8
ORD_1150,Mouse,4.0,923.37,3693.48
ORD_0282,Swimwear,10.0,130.23,1302.3
ORD_0184,Eye Cream,,11.08,
ORD_0428,Tomato Sauce,7.0,11.48,80.36
ORD_0173,Coasters,10.0,113.24,1132.4
ORD_0653,Gamepad,5.0,1043.03,2607.57
ORD_0318,Granola,5.0,3.28,16.4
ORD_0508,Smart TV,,563.86,
ORD_0754,Lip Balm,,41.42,
ORD_1082,Storage Box,7.0,27.43,192.01
ORD_0476,Pasta,6.0,13.78,82.68
ORD_0200,Crackers,10.0,24.01,240.1
ORD_0456,Jump Rope,,112.2,
ORD_0829,Laptop,9.0,20.0,180.0
ORD_0816,Bicycle Helmet,8.0,293.98,2351.84
ORD_0389,Olive Oil,5.0,,
ORD_0901,Leggings,5.0,21.18,105.9
ORD_0121,Speaker,3.0,1049.85,3149.55
ORD_0995,Earbuds,2.0,1420.23,4260.69
ORD_0895,Dried Fruit,5.0,20.0,100.0
ORD_1025,Tennis Racket,9.0,254.89,2294.01
ORD_0962,Razor,2.0,62.25,124.5
ORD_0824,Hat,1.0,165.24,165.24
ORD_0387,Cycling Gloves,9.0,,
ORD_0348,Power Bank,10.0,266.91,2669.1
ORD_0141,Mirror,3.0,34.64,103.92
ORD_0662,Tablet,9.0,1346.72,12120.48
ORD_0190,Gamepad,4.0,1043.03,4172.12
ORD_0505,Power Bank,10.0,266.91,2669.1
ORD_0165,Webcam,8.0,1047.62,8380.96
ORD_1034,Sweater,7.0,132.17,925.19
ORD_0824,Foundation,10.0,41.65,416.5
ORD_0929,Hair Oil,9.0,20.0,180.0
ORD_0934,Jacket,5.0,15.78,78.9
ORD_1141,Shower Gel,2.0,31.86,31.86
ORD_0751,Towel,4.0,142.76,571.04
ORD_0134,Mirror,1.0,34.64,34.64
ORD_0544,Cycling Gloves,4.0,204.17,816.68
ORD_0557,Doormat,3.0,119.9,359.7
ORD_0058,Earbuds,2.0,1420.23,4260.69
ORD_0685,Chocolate,2.0,13.22,26.44
ORD_0046,Graphics Card,7.0,289.49,2026.43
ORD_0672,Serum,2.0,51.72,103.44
ORD_0372,Storage Box,3.0,27.43,82.29
ORD_0987,Tomato Sauce,,11.48,
ORD_0807,Foam Roller,6.0,77.79,466.74
ORD_0173,Coffee,7.0,9.46,66.22
ORD_0815,Tea,3.0,3.37,10.11
ORD_1173,Dried Fruit,1.0,20.0,10.0
ORD_0715,Swimwear,7.0,130.23,911.61
ORD_0549,Dried Fruit,,20.0,
ORD_0080,Gym Bag,1.0,133.33,200.0
ORD_0886,Face Cream,,23.96,
ORD_0897,Cutting Board,10.0,37.79,377.9
ORD_0197,Tablet,7.0,1346.72,9427.04
ORD_0203,Serum,7.0,51.72,362.04
ORD_0583,Earbuds,,1420.23,
ORD_0472,Tablet,,1346.72,
ORD_0764,Belt,1.0,53.41,80.11
ORD_0047,Mug,6.0,92.79,556.74
ORD_1167,Pasta,4.0,13.78,55.12
ORD_0656,Body Lotion,2.0,18.63,37.26
ORD_0471,Football,8.0,122.47,489.88
ORD_0971,Lip Balm,2.0,41.42,82.84
ORD_1036,Jam,8.0,7.71,61.68
ORD_0284,Webcam,8.0,1047.62,8380.96
ORD_0736,Sports Watch,2.0,35.57,71.14
ORD_0784,Mug,2.0,92.79,185.58
ORD_0332,Soap Dispenser,2.0,71.41,142.82
ORD_0968,Leggings,1.0,21.18,21.18
ORD_1086,Coat Hanger,2.0,87.64,175.28
ORD_0358,Power Bank,5.0,266.91,1334.55
ORD_1091,Jeans,10.0,20.0,200.0
ORD_0444,Honey,3.0,3.42,8.72
ORD_0498,Skirt,3.0,136.95,410.85
ORD_0972,Resistance Band,5.0,267.11,1335.55
ORD_0668,Rug,7.0,81.5,570.5
ORD_0373,Instant Noodles,6.0,29.39,176.34
ORD_1032,Biscuits,8.0,29.25,234.0
ORD_1146,Cereal,9.0,7.98,71.82
ORD_0676,Tomato Sauce,5.0,11.48,57.4
ORD_1000,Blanket,10.0,37.47,374.7
ORD_0090,Chocolate,1.0,13.22,13.22
ORD_0238,Dress,,65.57,
ORD_0698,Honey,1.0,3.42,1.71
ORD_0540,Lamp,2.0,129.35,258.7
ORD_0776,Foam Roller,10.0,77.79,777.9
ORD_0959,Hoodie,5.0,158.66,793.3
ORD_0592,T-Shirt,6.0,20.0,120.0
ORD_0433,Pasta,3.0,13.78,20.67
ORD_0138,Coat,2.0,130.08,260.16
ORD_0086,Lamp,6.0,129.35,776.1
ORD_0732,Swimwear,5.0,130.23,651.15
ORD_0883,Lip Balm,4.0,41.42,165.68
ORD_0883,Router,4.0,173.62,694.48
ORD_0869,Granola,2.0,3.28,6.56
ORD_0041,Rice,3.0,16.12,48.36
ORD_0740,Hoodie,1.0,,
ORD_0502,Sneakers,4.0,113.26,453.04
ORD_0194,Kitchen Timer,3.0,,
ORD_0055,Coat Hanger,1.0,87.64,87.64
ORD_0959,SSD Drive,5.0,819.93,4099.65
ORD_1169,Earbuds,7.0,1420.23,8450.37
ORD_0086,Lamp,10.0,129.35,1293.5
ORD_1130,Sneakers,4.0,,
ORD_0929,T-Shirt,5.0,20.0,115.0
ORD_0461,Dress,9.0,65.57,590.13
ORD_0732,Swimwear,10.0,130.23,1302.3
ORD_0388,Rice,10.0,,
ORD_0752,Mascara,3.0,27.26,81.78
ORD_0925,Coasters,7.0,113.24,792.68
ORD_0909,Toner,6.0,20.0,180.0
ORD_0390,Cardigan,1.0,131.63,131.63
ORD_0883,Clock,,137.5,
ORD_0253,Lip Balm,7.0,41.42,144.97
ORD_0751,Vase,2.0,74.99,149.98
ORD_0010,Granola,8.0,3.28,26.24
ORD_0256,Coasters,9.0,113.24,1019.16
ORD_0709,USB Hub,8.0,107.53,860.24
ORD_0607,Leggings,10.0,21.18,180.03
ORD_0450,Headphones,4.0,750.23,3000.92
ORD_0010,Resistance Band,9.0,267.11,2403.99
ORD_1022,Jacket,3.0,15.78,47.34
ORD_0824,Shorts,1.0,151.9,151.9
ORD_0039,Sweater,8.0,132.17,1057.36
ORD_0194,Peanut Butter,9.0,28.1,252.9
ORD_0798,Toner,2.0,20.0,40.0
ORD_0877,Nuts,4.0,29.61,118.44
ORD_1029,Headphones,10.0,750.23,7502.3
ORD_0617,Laundry Basket,4.0,119.13,476.52
ORD_1143,Tablet,7.0,1346.72,9427.04
ORD_1143,Gloves,,14.13,
ORD_1016,Headphones,10.0,750.23,8627.65
ORD_0229,Granola,4.0,3.28,13.12
ORD_0374,Tennis Racket,,254.89,
ORD_1089,Fitness Tracker,2.0,228.04,456.08
ORD_0252,Socks,5.0,68.84,344.2
ORD_0146,Nail Polish,3.0,43.42,130.26
ORD_0411,Boots,9.0,,
ORD_0753,Headphones,5.0,750.23,3751.15
ORD_0224,Cushion,8.0,6.27,50.16
ORD_0177,Laundry Basket,10.0,119.13,1191.3
ORD_0722,Monitor,8.0,548.49,5046.11
ORD_0853,Nail Polish,4.0,43.42,173.68
ORD_0500,Pasta,3.0,13.78,41.34
ORD_0910,Face Mask,7.0,52.96,370.72
ORD_0063,Microphone,10.0,779.69,7796.9
ORD_0827,Lip Balm,9.0,41.42,372.78
ORD_0403,Bicycle Helmet,6.0,293.98,1763.88
ORD_0795,Instant Noodles,8.0,29.39,235.12
ORD_0363,Perfume,10.0,9.51,95.1
ORD_0547,Sports Watch,4.0,35.57,142.28
ORD_0689,Football,4.0,122.47,489.88
ORD_0105,Tea,4.0,3.37,13.48
ORD_1123,Webcam,10.0,1047.62,10476.2
ORD_0059,Gamepad,,1043.03,
ORD_0404,Bicycle Helmet,8.0,293.98,2351.84
ORD_0511,Mug,7.0,92.79,649.53
ORD_0385,SSD Drive,,819.93,
ORD_0405,Doormat,2.0,119.9,239.8
ORD_0823,Instant Noodles,,29.39,
ORD_0002,Running Shoes,4.0,19.47,77.88
ORD_0518,Foam Roller,4.0,77.79,311.16
ORD_0476,Smart TV,4.0,,
ORD_1061,Tomato Sauce,8.0,11.48,91.84
ORD_0192,Water Bottle,4.0,21.73,86.92
ORD_0479,Rug,10.0,81.5,815.0
ORD_0709,Toner,2.0,20.0,40.0
ORD_0055,Instant Noodles,9.0,29.39,264.51
ORD_0995,Lamp,8.0,,
ORD_0771,Coat,6.0,130.08,780.48
ORD_0247,Laptop,,20.0,
ORD_0445,Cutting Board,8.0,37.79,453.48
ORD_1047,Conditioner,4.0,,
ORD_0778,Honey,8.0,3.42,27.36
ORD_1000,Nail Polish,6.0,43.42,221.44
ORD_0832,Jump Rope,3.0,,
ORD_0946,Laptop,,20.0,
ORD_0997,Biscuits,9.0,29.25,263.25
ORD_0677,Instant Noodles,10.0,29.39,293.9
ORD_0304,Speaker,7.0,1049.85,6246.61
ORD_0288,Toothbrush,4.0,77.28,309.12
ORD_0714,Hair Oil,9.0,20.0,180.0
ORD_0083,Hat,10.0,165.24,1652.4
ORD_1169,Power Bank,3.0,266.91,800.73
ORD_1109,Coat Hanger,2.0,87.64,175.28
ORD_0771,Toothbrush,7.0,77.28,540.96
ORD_1102,Cardigan,5.0,131.63,658.15
ORD_0957,Chocolate,3.0,13.22,39.66
ORD_0074,Sweater,7.0,,
ORD_0457,Face Cream,10.0,23.96,239.6
ORD_0001,Keyboard,,20.0,
ORD_0565,Storage Box,8.0,27.43,186.52
ORD_0206,Gym Bag,9.0,133.33,1199.97
ORD_0051,Polo Shirt,,138.95,
ORD_0702,Doormat,3.0,119.9,359.7
ORD_0685,Olive Oil,4.0,15.63,62.52
ORD_0010,Jump Rope,2.0,112.2,224.4
ORD_0603,Storage Box,3.0,27.43,69.95
ORD_0717,Mirror,3.0,34.64,103.92
ORD_0449,Graphics Card,2.0,,
ORD_0881,Hat,2.0,165.24,330.48
ORD_0808,Sneakers,3.0,113.26,339.78
ORD_1115,Oats,1.0,11.67,11.67
ORD_0096,Instant Noodles,3.0,29.39,88.17
ORD_0488,Webcam,7.0,1047.62,7333.34
ORD_0522,Lamp,5.0,129.35,646.75
ORD_0368,Picture Frame,2.0,88.73,177.46
ORD_0034,Running Shoes,6.0,19.47,116.82
ORD_0095,Mascara,10.0,27.26,272.6
ORD_0403,Hoodie,9.0,158.66,1427.94
ORD_1096,Headphones,3.0,750.23,2250.69
ORD_0154,Gym Bag,3.0,133.33,399.99
ORD_0250,Blazer,10.0,88.9,889.0
ORD_0674,Sweater,7.0,132.17,925.19
ORD_1180,Kitchen Timer,10.0,72.94,729.4
ORD_0638,Monitor,8.0,548.49,4387.92
ORD_0224,Razor,5.0,62.25,311.25
ORD_0558,Lip Balm,5.0,41.42,207.1
ORD_0877,Running Shoes,5.0,19.47,146.02
ORD_0438,Storage Box,3.0,27.43,82.29
ORD_0673,Mouse,,923.37,
ORD_0118,Foundation,5.0,41.65,208.25
ORD_0771,Boots,4.0,20.0,80.0
ORD_1021,Vase,,74.99,
ORD_0268,Leggings,,21.18,
ORD_1078,Badminton Set,3.0,178.08,801.36
ORD_0731,T-Shirt,5.0,20.0,100.0
ORD_0164,Charger,8.0,,
ORD_1024,Toothpaste,6.0,20.0,102.0
ORD_0236,Skipping Rope,7.0,152.47,1067.29
ORD_0389,Oats,7.0,11.67,81.69
ORD_0275,Jacket,10.0,15.78,157.8
ORD_0746,Biscuits,5.0,29.25,146.25
ORD_0330,Body Lotion,4.0,18.63,74.52
ORD_0956,Nail Polish,1.0,43.42,43.42
ORD_0615,Honey,1.0,3.42,3.42
ORD_0990,Blanket,9.0,37.47,337.23
ORD_0924,Smartphone,,945.45,
ORD_0763,Candle,9.0,127.47,1147.23
ORD_0850,Sweater,2.0,132.17,264.34
ORD_0245,Olive Oil,10.0,15.63,156.3
ORD_0441,Towel,,142.76,
ORD_0753,Olive Oil,6.0,15.63,93.78
ORD_0401,Foundation,10.0,41.65,416.5
ORD_0624,Skirt,6.0,136.95,821.7
ORD_0767,Chocolate,6.0,13.22,79.32
ORD_0919,Tennis Racket,10.0,254.89,2548.9
ORD_0124,Gym Bag,6.0,133.33,679.98
ORD_0853,Belt,1.0,,
ORD_0578,Cushion,6.0,6.27,37.62
ORD_0389,Deodorant,3.0,49.92,149.76
ORD_0970,Picture Frame,9.0,88.73,798.57
ORD_0040,Laundry Basket,4.0,119.13,476.52
ORD_1098,Deodorant,2.0,49.92,99.84
ORD_0646,USB Hub,2.0,107.53,215.06
ORD_0075,Tablet,3.0,1346.72,4040.16
ORD_0678,Protein Bar,2.0,6.97,13.94
ORD_0032,Coat,8.0,130.08,1040.64
ORD_0045,Shower Gel,,31.86,
ORD_0435,Gym Bag,3.0,133.33,399.99
ORD_0103,Mouse,,923.37,
ORD_0764,Yoga Mat,9.0,15.35,138.15
ORD_0738,Hoodie,10.0,158.66,1586.6
ORD_0806,Cutting Board,6.0,37.79,226.74
ORD_0544,Soap Dispenser,3.0,71.41,214.23
ORD_0032,Speaker,10.0,1049.85,10498.5
ORD_0098,Sweater,1.0,,
ORD_0355,Coasters,2.0,113.24,226.48
ORD_0798,SSD Drive,9.0,819.93,7379.37
ORD_0859,Laundry Basket,4.0,119.13,476.52
ORD_0435,Toothbrush,1.0,77.28,77.28
ORD_0447,Pasta,2.0,13.78,27.56
ORD_0249,USB Hub,4.0,107.53,430.12
ORD_0166,Razor,4.0,62.25,249.0
ORD_0984,Serum,6.0,51.72,310.32
ORD_1020,Leggings,7.0,21.18,148.26
ORD_1061,Knee Pads,10.0,37.22,372.2
ORD_1198,Cushion,5.0,6.27,36.05
ORD_0251,Tablet,7.0,1346.72,9427.04
ORD_1139,Picture Frame,3.0,88.73,266.19
ORD_1120,Nuts,4.0,29.61,118.44
ORD_0957,Jam,7.0,7.71,53.97
ORD_0542,Crackers,5.0,24.01,120.05
ORD_1114,Face Cream,8.0,23.96,191.68
ORD_0759,Vase,,74.99,
ORD_1130,Dried Fruit,6.0,20.0,120.0
ORD_0081,Mirror,1.0,34.64,34.64
ORD_0133,Rice,1.0,16.12,16.12
ORD_0205,Sweater,10.0,132.17,1321.7
ORD_0106,Cushion,5.0,6.27,15.67
ORD_0944,Scarf,5.0,142.73,713.65
ORD_1192,Granola,6.0,3.28,19.68
ORD_0797,Perfume,,9.51,
ORD_1118,Toothpaste,5.0,20.0,85.0
ORD_0298,Water Bottle,8.0,21.73,173.84
ORD_0900,Face Mask,10.0,52.96,529.6
ORD_1086,Soap Dispenser,4.0,71.41,328.49
ORD_0138,Swim Goggles,7.0,20.0,140.0
ORD_0930,Soup,,26.96,
ORD_0184,Yoga Mat,3.0,15.35,46.05
ORD_0785,Headphones,6.0,750.23,4501.38
ORD_0984,Lamp,3.0,129.35,388.05
ORD_0549,Football,1.0,122.47,122.47
ORD_0069,Shower Gel,5.0,31.86,159.3
ORD_0546,Vase,9.0,,
ORD_0373,Boots,1.0,20.0,20.0
ORD_0629,Crackers,6.0,24.01,144.06
ORD_0606,USB Hub,6.0,107.53,967.77
ORD_0053,Deodorant,3.0,49.92,149.76
ORD_0091,Biscuits,3.0,29.25,87.75
ORD_0205,Blanket,10.0,37.47,430.9
ORD_1095,Swim Goggles,2.0,20.0,40.0
ORD_1156,Swim Goggles,8.0,20.0,160.0
ORD_0126,Boots,,20.0,
ORD_1073,Jacket,6.0,15.78,94.68
ORD_0321,Dried Fruit,10.0,20.0,200.0
ORD_0043,Coasters,,113.24,
ORD_0111,Face Mask,5.0,52.96,264.8
ORD_0336,Lip Balm,8.0,41.42,331.36
ORD_0802,Serum,5.0,51.72,258.6
ORD_0761,Face Cream,2.0,23.96,47.92
ORD_0848,Power Bank,8.0,266.91,2135.28
ORD_0573,Nail Polish,8.0,43.42,347.36
ORD_0095,Dumbbell,,180.1,
ORD_0645,Charger,3.0,1142.39,3427.17
ORD_0900,Nail Polish,1.0,43.42,43.42
ORD_0360,Face Mask,7.0,52.96,370.72
ORD_0968,Jeans,1.0,20.0,20.0
ORD_0900,Smart TV,2.0,563.86,1127.72
ORD_0281,Smart TV,8.0,563.86,4510.88
ORD_0667,Shampoo,,48.94,
ORD_0252,Boots,7.0,20.0,140.0
ORD_0529,Instant Noodles,1.0,29.39,29.39
ORD_0093,Belt,9.0,53.41,480.69
ORD_0672,Eye Cream,8.0,11.08,101.94
ORD_0061,Picture Frame,2.0,88.73,177.46
ORD_0634,Power Bank,8.0,,
ORD_0999,T-Shirt,8.0,20.0,160.0
ORD_1075,T-Shirt,1.0,20.0,20.0
ORD_0451,Nail Polish,5.0,43.42,217.1
ORD_1001,Mug,9.0,,
ORD_0506,T-Shirt,3.0,20.0,60.0
ORD_1029,Olive Oil,8.0,15.63,125.04
ORD_0972,Cutting Board,6.0,37.79,226.74
ORD_0604,Chocolate,5.0,13.22,66.1
ORD_0238,Polo Shirt,2.0,138.95,277.9
ORD_0682,Mouse,10.0,923.37,9233.7
ORD_0534,Lip Balm,4.0,,
ORD_0838,Football,10.0,122.47,1224.7
ORD_0645,Shampoo,9.0,48.94,440.46
ORD_0332,Granola,,3.28,
ORD_0884,Foundation,4.0,41.65,166.6
ORD_0717,Chocolate,6.0,13.22,79.32
ORD_0891,Olive Oil,5.0,15.63,78.15
ORD_0233,Toothpaste,8.0,20.0,160.0
ORD_1071,Plant Pot,8.0,118.04,944.32
ORD_0095,Headphones,4.0,750.23,3000.92
ORD_0524,Monitor,9.0,548.49,4936.41
ORD_0818,Cardigan,4.0,131.63,526.52
ORD_0346,Cycling Gloves,3.0,204.17,612.51
ORD_1070,Bicycle Helmet,,293.98,
ORD_1024,Kitchen Timer,,72.94,
ORD_0546,Doormat,8.0,119.9,959.2
ORD_0473,Water Bottle,7.0,21.73,152.11
ORD_1102,Hair Oil,1.0,,
ORD_1097,Microphone,10.0,779.69,7796.9
ORD_0794,Foam Roller,1.0,77.79,77.79
ORD_0249,Pasta,8.0,13.78,110.24
ORD_0375,Gloves,9.0,14.13,127.17
ORD_0047,Face Mask,4.0,52.96,211.84
ORD_1145,Smartwatch,3.0,576.28,1728.84
ORD_0214,Crackers,2.0,24.01,48.02
ORD_0033,Razor,1.0,62.25,62.25
ORD_0239,Yoga Mat,1.0,15.35,15.35
ORD_0960,Crackers,4.0,24.01,96.04
ORD_0980,Pasta,,13.78,
ORD_1080,Body Lotion,4.0,18.63,74.52
ORD_0350,Water Bottle,10.0,21.73,217.3
ORD_0107,Toothpaste,9.0,20.0,180.0
ORD_0006,Cycling Gloves,2.0,204.17,612.51
ORD_0831,Pasta,10.0,13.78,137.8
ORD_0183,Deodorant,,49.92,
ORD_0001,Keyboard,10.0,20.0,200.0
ORD_0048,Body Lotion,,18.63,
ORD_0492,Socks,5.0,68.84,395.83
ORD_0337,Soup,2.0,26.96,53.92
ORD_1050,Vase,9.0,74.99,674.91
ORD_0804,Blazer,8.0,,
ORD_0008,Mouse,9.0,923.37,8310.33
ORD_0625,Toner,9.0,20.0,180.0
ORD_0839,Jacket,4.0,15.78,94.68
ORD_0719,Coat,5.0,130.08,650.4
ORD_0001,Serum,10.0,51.72,517.2
ORD_0253,Smart TV,5.0,563.86,2819.3
ORD_0303,Tea,3.0,3.37,10.11
ORD_0639,Honey,8.0,3.42,27.36
ORD_0056,Dried Fruit,2.0,20.0,40.0
ORD_0726,Hair Oil,4.0,20.0,80.0
ORD_0382,Jeans,3.0,20.0,60.0
ORD_0526,Peanut Butter,5.0,28.1,140.5
ORD_0474,Blanket,4.0,37.47,149.88
ORD_0583,Cushion,2.0,,
ORD_0028,Mirror,7.0,34.64,242.48
ORD_0078,Soup,,,
ORD_1115,Rice,9.0,16.12,145.08
ORD_0063,Conditioner,9.0,38.22,343.98
ORD_0365,Blazer,7.0,88.9,622.3
ORD_0811,Running Shoes,10.0,19.47,165.49
ORD_0316,Cardigan,4.0,,
ORD_0462,Picture Frame,10.0,88.73,887.3
ORD_0833,Earbuds,6.0,1420.23,8521.38
ORD_0666,Shampoo,9.0,48.94,440.46
ORD_0526,Power Bank,9.0,266.91,2762.52
ORD_0510,Crackers,1.0,24.01,24.01
ORD_0125,Speaker,,1049.85,
ORD_0699,Badminton Set,9.0,178.08,1602.72
ORD_0883,Chocolate,6.0,13.22,79.32
ORD_0405,Body Lotion,2.0,18.63,37.26
ORD_1031,Face Cream,6.0,23.96,143.76
ORD_0246,Belt,2.0,53.41,106.82
ORD_0886,Bicycle Helmet,2.0,293.98,587.96
ORD_1089,Rice,5.0,16.12,80.6
ORD_0347,Gloves,1.0,14.13,14.13
ORD_1027,Face Mask,5.0,52.96,264.8
ORD_0919,Storage Box,,27.43,
ORD_0341,Tomato Sauce,7.0,11.48,80.36
ORD_0750,Smart TV,9.0,563.86,5074.74
ORD_0363,Toner,10.0,20.0,200.0
ORD_0480,Nail Polish,10.0,43.42,434.2
ORD_0781,Toner,5.0,,
ORD_0806,Granola,9.0,3.28,29.52
ORD_0739,Smart TV,7.0,563.86,3947.02
ORD_1039,Vase,2.0,74.99,149.98
ORD_0485,Lip Balm,7.0,41.42,289.94
ORD_0606,Graphics Card,3.0,,
ORD_0028,Clock,7.0,137.5,1443.75
ORD_0134,Mirror,7.0,,
ORD_0714,Blazer,4.0,88.9,355.6
ORD_0714,USB Hub,6.0,107.53,645.18
ORD_1063,Instant Noodles,7.0,29.39,205.73
ORD_0086,Razor,3.0,62.25,186.75
ORD_0126,Earbuds,1.0,1420.23,1420.23
ORD_1141,Serum,7.0,51.72,362.04
ORD_1102,Dress,10.0,65.57,655.7
ORD_0812,Coffee,,,
ORD_0375,Skirt,7.0,136.95,814.85
ORD_0537,Skipping Rope,2.0,,
ORD_0145,Peanut Butter,2.0,28.1,56.2
ORD_0253,Toothbrush,8.0,77.28,618.24
ORD_0025,Power Bank,10.0,266.91,2669.1
ORD_0067,Fitness Tracker,8.0,228.04,1824.32
ORD_1059,USB Hub,10.0,107.53,1075.3
ORD_0728,Pasta,8.0,13.78,126.78
ORD_0233,Body Lotion,5.0,,
ORD_0436,Scarf,7.0,142.73,999.11
ORD_0486,Peanut Butter,10.0,28.1,323.15
ORD_0700,Towel,6.0,,
ORD_0109,Protein Bar,10.0,6.97,69.7
ORD_1170,Dried Fruit,7.0,20.0,140.0
ORD_0111,Boots,6.0,20.0,120.0
ORD_0228,Towel,8.0,142.76,1142.08
ORD_0111,Boots,9.0,20.0,180.0
ORD_0128,Laundry Basket,9.0,119.13,1072.17
ORD_0034,Keyboard,2.0,20.0,34.0
ORD_0623,Doormat,5.0,119.9,599.5
ORD_0968,Nail Polish,6.0,43.42,260.52
ORD_0748,Cardigan,8.0,131.63,1053.04
ORD_1070,Football,1.0,122.47,122.47
ORD_0595,Dress,6.0,65.57,393.42
ORD_0746,Cutting Board,2.0,37.79,75.58
ORD_1048,Yoga Mat,10.0,15.35,153.5
ORD_0425,Power Bank,7.0,266.91,2148.63
ORD_0613,Jeans,5.0,20.0,100.0
ORD_0083,Coffee,4.0,9.46,37.84
ORD_0573,Coat Hanger,6.0,87.64,525.84
ORD_1102,Sunscreen,4.0,40.27,161.08
ORD_0692,Candle,,127.47,
ORD_0315,Sunscreen,2.0,40.27,80.54
ORD_0877,Instant Noodles,3.0,29.39,88.17
ORD_0255,Clock,10.0,137.5,1375.0
ORD_0662,Water Bottle,3.0,21.73,65.19
ORD_0277,Instant Noodles,8.0,29.39,235.12
ORD_0994,Candle,7.0,127.47,892.29
ORD_0449,Basketball,3.0,20.0,60.0
ORD_0705,Granola,10.0,3.28,32.8
ORD_0326,Storage Box,9.0,27.43,246.87
ORD_0223,Sports Watch,,35.57,
ORD_0624,Water Bottle,7.0,21.73,152.11
ORD_0516,Router,,173.62,
ORD_0843,Shampoo,6.0,48.94,293.64
ORD_0379,Tennis Racket,2.0,254.89,586.25
ORD_0902,Graphics Card,5.0,289.49,1447.45
ORD_0350,Oats,7.0,11.67,81.69
ORD_0823,Leggings,9.0,21.18,190.62
ORD_1161,Candle,5.0,127.47,637.35
ORD_0759,Mascara,6.0,27.26,163.56
ORD_0899,Microphone,,779.69,
ORD_0139,Jump Rope,8.0,112.2,897.6
ORD_0243,Belt,3.0,53.41,160.23
ORD_0867,Monitor,,548.49,
ORD_0543,Smart TV,6.0,563.86,3383.16
ORD_0769,Foundation,9.0,41.65,374.85
ORD_0591,Shower Gel,5.0,31.86,159.3
ORD_1064,USB Hub,7.0,107.53,752.71
ORD_0229,Gloves,3.0,14.13,42.39
ORD_0055,Fitness Tracker,8.0,,
ORD_0548,Towel,8.0,142.76,1142.08
ORD_0920,Oats,10.0,,
ORD_0502,Jacket,2.0,15.78,31.56
ORD_0226,Belt,4.0,53.41,213.64
ORD_0874,Microphone,7.0,779.69,5457.83
ORD_1169,Monitor,9.0,548.49,4936.41
ORD_0006,Smartwatch,6.0,576.28,3457.68
ORD_0468,Tea,3.0,3.37,10.11
ORD_0075,Water Bottle,10.0,21.73,249.89
ORD_0723,Smart TV,3.0,563.86,1691.58
ORD_0089,Cereal,1.0,7.98,7.98
ORD_0004,Nuts,6.0,29.61,177.66
ORD_0536,Conditioner,2.0,38.22,76.44
ORD_0646,Speaker,,1049.85,
ORD_0484,Honey,10.0,3.42,34.2
ORD_0070,Gym Bag,7.0,,
ORD_0943,Eye Cream,1.0,11.08,11.08
ORD_0118,Hair Oil,,20.0,
ORD_0467,Face Cream,10.0,23.96,239.6
ORD_0247,Mascara,7.0,27.26,190.82
ORD_0881,USB Hub,8.0,107.53,860.24
ORD_0504,Nail Polish,7.0,43.42,303.94
ORD_0403,Rice,6.0,16.12,48.36
ORD_0573,Coat Hanger,4.0,87.64,350.56
ORD_0947,Boots,3.0,20.0,60.0
ORD_0574,Toothpaste,10.0,20.0,200.0
ORD_1098,Coffee,5.0,,
ORD_0136,Sweater,8.0,,
ORD_1026,Hoodie,2.0,158.66,317.32
ORD_0194,Football,6.0,122.47,734.82
ORD_0469,Crackers,7.0,24.01,168.07
ORD_0847,Honey,3.0,3.42,10.26
ORD_0131,Sunscreen,3.0,40.27,60.41
ORD_0078,Jacket,8.0,15.78,126.24
ORD_0383,Hair Oil,3.0,20.0,60.0
ORD_0715,Instant Noodles,2.0,29.39,58.78
ORD_1050,Doormat,,119.9,
ORD_0173,Cereal,7.0,7.98,83.79
ORD_0028,Smart TV,4.0,563.86,2255.44
ORD_0181,Deodorant,6.0,49.92,299.52
ORD_1084,Charger,5.0,1142.39,5711.95
ORD_0671,Pasta,4.0,13.78,55.12
ORD_0990,Soap Dispenser,10.0,71.41,714.1
ORD_0922,Face Mask,2.0,,
ORD_0326,Soap Dispenser,10.0,71.41,714.1
ORD_1142,Fitness Tracker,2.0,228.04,456.08
ORD_0836,Football,8.0,122.47,979.76
ORD_0836,Nail Polish,4.0,43.42,173.68
ORD_0724,Hat,,165.24,
ORD_0199,Mouse,7.0,923.37,6463.59
ORD_0044,Toner,,20.0,
ORD_0225,Doormat,6.0,119.9,359.7
ORD_0532,Picture Frame,3.0,88.73,266.19
ORD_0134,Sneakers,8.0,113.26,906.08
ORD_0113,T-Shirt,6.0,20.0,120.0
ORD_0140,Biscuits,4.0,29.25,117.0
ORD_0559,Polo Shirt,8.0,138.95,1111.6
ORD_0001,Mug,5.0,92.79,463.95
ORD_0343,Cycling Gloves,10.0,204.17,2041.7
ORD_0090,Mirror,8.0,34.64,277.12
ORD_0767,Coffee,5.0,9.46,47.3
ORD_0654,Rug,8.0,81.5,652.0
ORD_0493,Instant Noodles,8.0,29.39,235.12
ORD_0320,Sports Watch,6.0,35.57,213.42
ORD_0139,Chocolate,7.0,13.22,92.54
ORD_0845,Mug,9.0,92.79,835.11
ORD_0925,Monitor,4.0,548.49,2193.96
ORD_0372,Sports Watch,10.0,35.57,355.7
ORD_0425,Skirt,1.0,136.95,136.95
ORD_0259,Badminton Set,7.0,178.08,1246.56
ORD_1126,Granola,5.0,3.28,16.4
ORD_0065,Kitchen Timer,3.0,72.94,218.82
ORD_0902,Picture Frame,3.0,88.73,266.19
ORD_0690,Mascara,9.0,27.26,245.34
ORD_0010,Fitness Tracker,2.0,228.04,456.08
ORD_0153,Sunscreen,2.0,40.27,80.54
ORD_0261,Face Mask,10.0,52.96,529.6
ORD_0172,Hair Oil,9.0,20.0,180.0
ORD_0415,Dried Fruit,1.0,20.0,20.0
ORD_1150,Eye Cream,6.0,11.08,66.48
ORD_0898,Jeans,10.0,20.0,200.0
ORD_0693,Foundation,2.0,41.65,83.3
ORD_0013,Running Shoes,5.0,19.47,97.35
ORD_1192,Cushion,2.0,6.27,12.54
ORD_0321,Skirt,1.0,136.95,136.95
ORD_0329,Tea,2.0,3.37,6.74
ORD_0615,Chocolate,,13.22,
ORD_0020,Router,6.0,173.62,1041.72
ORD_0785,Doormat,1.0,119.9,119.9
ORD_0432,Mug,5.0,92.79,463.95
ORD_0672,Nuts,10.0,29.61,296.1
ORD_0777,Graphics Card,6.0,289.49,1736.94
ORD_0911,Swim Goggles,7.0,20.0,140.0
ORD_0100,Granola,7.0,3.28,22.96
ORD_1119,Dried Fruit,2.0,,
ORD_0318,Tablet,3.0,1346.72,4040.16
ORD_0890,Towel,4.0,142.76,485.38
ORD_0401,Instant Noodles,9.0,29.39,396.76
ORD_0236,Leggings,,21.18,
ORD_0334,Smartphone,7.0,945.45,6618.15
ORD_0176,Hair Oil,10.0,20.0,200.0
ORD_0376,T-Shirt,,20.0,
ORD_1167,Protein Bar,3.0,,
ORD_1161,Granola,10.0,3.28,32.8
ORD_0588,Deodorant,8.0,49.92,399.36
ORD_0513,Earbuds,1.0,1420.23,1420.23
ORD_0918,Leggings,3.0,21.18,63.54
ORD_0759,Face Mask,9.0,52.96,238.32
ORD_1025,Mirror,3.0,34.64,103.92
ORD_0873,Lip Balm,7.0,41.42,289.94
ORD_0270,Tea,10.0,3.37,50.55
ORD_0798,Cardigan,6.0,131.63,789.78
ORD_0725,Scarf,10.0,142.73,1427.3
ORD_1189,Resistance Band,,267.11,
ORD_0005,Chocolate,4.0,13.22,52.88
ORD_0292,Toner,3.0,20.0,51.0
ORD_0698,Resistance Band,,267.11,
ORD_1146,Smartphone,1.0,945.45,945.45
ORD_0851,Vase,1.0,74.99,74.99
ORD_0890,Laptop,7.0,20.0,140.0
ORD_0078,Cycling Gloves,9.0,204.17,1837.53
ORD_0574,Crackers,1.0,24.01,24.01
ORD_1069,Hair Oil,1.0,20.0,20.0
ORD_0785,Coffee,4.0,9.46,37.84
ORD_0472,Smartphone,6.0,945.45,5672.7
ORD_0132,Smartwatch,1.0,576.28,576.28
ORD_0601,Hair Oil,4.0,20.0,80.0
ORD_1066,Mug,4.0,92.79,371.16
ORD_0089,Gym Bag,,,
ORD_1067,Jam,9.0,7.71,69.39
ORD_0402,Foundation,8.0,41.65,333.2
ORD_0296,Resistance Band,2.0,267.11,534.22
ORD_1117,Foundation,6.0,,
ORD_0616,Tennis Racket,5.0,254.89,1274.45
ORD_0800,Badminton Set,6.0,178.08,1068.48
ORD_0422,Belt,9.0,53.41,480.69
ORD_1047,Hair Oil,2.0,20.0,60.0
ORD_0575,Rice,4.0,16.12,96.72
ORD_0143,Gamepad,6.0,1043.03,6258.18
ORD_0377,Cereal,6.0,7.98,47.88
ORD_0993,Tennis Racket,3.0,254.89,764.67
ORD_0420,Polo Shirt,10.0,138.95,1389.5
ORD_0892,Monitor,8.0,548.49,4387.92
ORD_0665,Body Lotion,4.0,18.63,74.52
ORD_0145,Tomato Sauce,7.0,,
ORD_0629,Mascara,2.0,27.26,54.52
ORD_0869,Dress,9.0,65.57,590.13
ORD_1072,Honey,7.0,3.42,23.94
ORD_0731,Conditioner,3.0,38.22,97.46
ORD_0734,Speaker,7.0,1049.85,7348.95
ORD_0413,Clock,1.0,137.5,68.75
ORD_1007,Soup,,26.96,
ORD_0503,Towel,7.0,142.76,999.32
ORD_0228,Tablet,4.0,1346.72,2693.44
ORD_0722,USB Hub,2.0,107.53,215.06
ORD_0583,Headphones,,750.23,
ORD_0879,Webcam,5.0,1047.62,5238.1
ORD_0821,Smartphone,2.0,945.45,1890.9
ORD_0104,Tea,,3.37,
ORD_0755,SSD Drive,7.0,819.93,5739.51
ORD_1063,Bicycle Helmet,10.0,293.98,2939.8
ORD_0198,Rice,1.0,16.12,16.12
ORD_0669,Nail Polish,10.0,43.42,434.2
ORD_0543,Earbuds,10.0,1420.23,14202.3
ORD_0579,Nuts,2.0,29.61,88.83
ORD_1181,Olive Oil,9.0,15.63,140.67
ORD_0267,Storage Box,,27.43,
ORD_0097,Lip Balm,6.0,41.42,248.52
ORD_0391,Cutting Board,9.0,37.79,340.11
ORD_1128,Conditioner,8.0,38.22,305.76
ORD_0480,Dried Fruit,7.0,20.0,140.0
ORD_0554,Sports Watch,7.0,35.57,248.99
ORD_1039,Olive Oil,10.0,15.63,156.3
ORD_0988,Tablet,6.0,1346.72,8080.32
ORD_0478,Jump Rope,7.0,112.2,785.4
ORD_0923,Laptop,4.0,20.0,80.0
ORD_0506,Earbuds,8.0,1420.23,11361.84
ORD_0420,Resistance Band,5.0,267.11,1335.55
ORD_0389,Coat,2.0,130.08,260.16
ORD_0157,Speaker,4.0,1049.85,4199.4
ORD_0550,Sports Watch,10.0,35.57,355.7
ORD_0311,Resistance Band,3.0,267.11,801.33
ORD_0975,Skipping Rope,,152.47,
ORD_1121,Microphone,2.0,779.69,1793.29
ORD_0564,Face Mask,,,
ORD_1021,Sweater,2.0,132.17,264.34
ORD_0997,Cycling Gloves,10.0,204.17,2041.7
ORD_0951,Body Lotion,8.0,18.63,149.04
ORD_0853,Laundry Basket,4.0,119.13,476.52
ORD_0289,Toothpaste,,20.0,
ORD_0196,Conditioner,8.0,38.22,305.76
ORD_0598,Towel,6.0,,
ORD_0540,Instant Noodles,,29.39,
ORD_0486,Sweater,1.0,132.17,132.17
ORD_1129,Speaker,6.0,1049.85,6299.1
ORD_0517,Socks,2.0,68.84,137.68
ORD_0984,Graphics Card,10.0,,
ORD_0865,Clock,2.0,137.5,275.0
ORD_0942,Keyboard,,20.0,
ORD_0626,Lamp,10.0,129.35,1293.5
ORD_1035,Sweater,8.0,132.17,1057.36
ORD_1187,Soap Dispenser,5.0,71.41,357.05
ORD_1177,Cardigan,7.0,131.63,921.41
ORD_0006,Chocolate,8.0,13.22,105.76
ORD_1142,Face Cream,1.0,23.96,23.96
ORD_1127,Deodorant,,,
ORD_0806,Body Lotion,3.0,18.63,55.89
ORD_0441,Mirror,5.0,34.64,173.2
ORD_1183,Storage Box,6.0,27.43,164.58
ORD_0815,Shower Gel,,31.86,
ORD_0228,Jam,1.0,7.71,3.85
ORD_0546,Olive Oil,1.0,15.63,15.63
ORD_0216,T-Shirt,4.0,20.0,80.0
ORD_0948,Lamp,6.0,129.35,1164.15
ORD_1181,Face Cream,1.0,23.96,27.55
ORD_1170,Crackers,,,
ORD_0550,Lamp,8.0,,
ORD_0733,Honey,10.0,3.42,51.3
ORD_0015,Skirt,3.0,136.95,410.85
ORD_0331,Dumbbell,9.0,180.1,1620.9
ORD_1181,Honey,2.0,3.42,6.84
ORD_0743,Gloves,5.0,14.13,70.65
ORD_1181,Power Bank,4.0,266.91,1067.64
ORD_0047,Tea,9.0,3.37,30.33
ORD_0329,USB Hub,,107.53,
ORD_0694,Hoodie,1.0,,
ORD_0324,Peanut Butter,8.0,,
ORD_1119,Soup,6.0,26.96,161.76
ORD_0844,Tablet,5.0,1346.72,6733.6
ORD_0130,Razor,6.0,62.25,373.5
ORD_0023,Serum,3.0,51.72,155.16
ORD_0022,Charger,1.0,1142.39,1142.39
ORD_0189,Yoga Mat,6.0,15.35,92.1
ORD_0095,Picture Frame,3.0,88.73,133.09
ORD_1049,Swim Goggles,3.0,20.0,60.0
ORD_0627,Foundation,1.0,41.65,41.65
ORD_0755,Instant Noodles,4.0,29.39,117.56
ORD_0794,Sneakers,4.0,113.26,453.04
ORD_1071,Sunscreen,7.0,40.27,281.89
ORD_0069,Instant Noodles,5.0,29.39,146.95
ORD_0302,Dried Fruit,9.0,,
ORD_0011,Dumbbell,7.0,180.1,1260.7
ORD_0068,Deodorant,1.0,49.92,74.88
ORD_0872,Nuts,7.0,29.61,207.27
ORD_0550,Jacket,9.0,15.78,142.02
ORD_1158,Toothpaste,7.0,20.0,140.0
ORD_0712,Rug,1.0,81.5,81.5
ORD_0023,Coat,3.0,,
ORD_0242,Bicycle Helmet,2.0,293.98,587.96
ORD_0815,Sunscreen,8.0,,
ORD_1164,Graphics Card,9.0,289.49,2605.41
ORD_0095,Hoodie,7.0,,
ORD_0346,Towel,3.0,142.76,428.28
ORD_0703,Coasters,3.0,113.24,339.72
ORD_0469,Speaker,4.0,1049.85,4199.4
ORD_1178,Webcam,1.0,1047.62,1047.62
ORD_0941,Jump Rope,10.0,112.2,1122.0
ORD_0302,Sweater,9.0,,
ORD_0205,Oats,,11.67,
ORD_0363,Jeans,4.0,20.0,80.0
ORD_0396,Storage Box,5.0,27.43,137.15
ORD_0218,Resistance Band,5.0,,
ORD_0141,Laptop,4.0,20.0,80.0
ORD_1033,Towel,2.0,142.76,285.52
ORD_0253,Instant Noodles,10.0,29.39,293.9
ORD_0958,Socks,6.0,68.84,413.04
ORD_0985,Towel,9.0,142.76,1284.84
ORD_0711,Olive Oil,5.0,15.63,78.15
ORD_0993,Dress,4.0,,
ORD_1099,Soup,10.0,26.96,269.6
ORD_0168,Shampoo,8.0,48.94,391.52
ORD_0828,Water Bottle,1.0,21.73,21.73
ORD_0683,Protein Bar,4.0,6.97,27.88
ORD_1004,Mouse,10.0,,
ORD_0356,Crackers,5.0,24.01,120.05
ORD_1008,SSD Drive,6.0,819.93,4919.58
ORD_0861,Skipping Rope,3.0,152.47,457.41
ORD_0724,Body Lotion,7.0,18.63,130.41
ORD_0084,Jeans,2.0,20.0,40.0
ORD_1157,Coffee,7.0,9.46,66.22
ORD_0161,Resistance Band,8.0,267.11,2136.88
ORD_0394,Honey,3.0,3.42,15.39
ORD_0713,Honey,3.0,3.42,10.26
ORD_0888,Foundation,3.0,41.65,62.47
ORD_0192,Socks,7.0,68.84,481.88
ORD_1053,Skipping Rope,10.0,152.47,762.35
ORD_0127,Polo Shirt,1.0,138.95,138.95
ORD_1130,Coat,3.0,130.08,390.24
ORD_0057,Fitness Tracker,9.0,228.04,2052.36
ORD_1009,Belt,9.0,53.41,240.34
ORD_0026,Microphone,3.0,779.69,2339.07
ORD_0604,Shampoo,3.0,48.94,146.82
ORD_0821,Coasters,8.0,113.24,770.03
ORD_1014,Nail Polish,,43.42,
ORD_0051,Soup,8.0,26.96,215.68
ORD_1053,Biscuits,1.0,29.25,29.25
ORD_0926,Conditioner,9.0,38.22,343.98
ORD_1143,USB Hub,1.0,107.53,107.53
ORD_0779,Eye Cream,2.0,11.08,22.16
ORD_0814,Tennis Racket,5.0,254.89,1274.45
ORD_0420,Instant Noodles,,29.39,
ORD_0355,T-Shirt,3.0,20.0,60.0
ORD_0983,Toner,3.0,20.0,60.0
ORD_0826,Towel,5.0,142.76,1070.7
ORD_0825,Deodorant,3.0,49.92,149.76
ORD_0514,Face Mask,8.0,,
ORD_1025,Towel,7.0,142.76,999.32
ORD_0567,Toner,7.0,20.0,140.0
ORD_0371,Speaker,9.0,1049.85,9448.65
ORD_0936,Pasta,9.0,13.78,124.02
ORD_0699,Shower Gel,6.0,31.86,191.16
ORD_0170,Shower Gel,,31.86,
ORD_0661,Clock,3.0,137.5,412.5
ORD_0969,Gamepad,7.0,1043.03,7301.21
ORD_1161,Clock,7.0,137.5,481.25
ORD_0202,Cycling Gloves,3.0,204.17,612.51
ORD_0916,Instant Noodles,1.0,29.39,29.39
ORD_0855,Bicycle Helmet,10.0,293.98,2939.8
ORD_0177,Water Bottle,9.0,21.73,166.23
ORD_0320,Badminton Set,2.0,178.08,356.16
ORD_0313,Dumbbell,6.0,180.1,1080.6
ORD_0117,Protein Bar,7.0,6.97,48.79
ORD_0764,Storage Box,9.0,27.43,246.87
ORD_0937,Resistance Band,5.0,267.11,1335.55
ORD_0575,Mirror,10.0,34.64,346.4
ORD_0087,Gloves,,14.13,
ORD_0661,Eye Cream,2.0,11.08,22.16
ORD_0838,Toothbrush,5.0,77.28,386.4
ORD_0244,Nail Polish,4.0,43.42,260.52
ORD_1130,Perfume,3.0,9.51,28.53
ORD_0359,Toothbrush,1.0,77.28,77.28
ORD_0537,Sneakers,5.0,113.26,566.3
ORD_0075,Instant Noodles,4.0,29.39,117.56
ORD_0386,Blazer,10.0,88.9,889.0
ORD_0475,Gamepad,1.0,1043.03,1043.03
ORD_0581,Blanket,3.0,37.47,112.41
ORD_0954,Mirror,7.0,34.64,242.48
ORD_0418,Skirt,8.0,136.95,1095.6
ORD_0347,Vase,,74.99,
ORD_0640,Lip Balm,5.0,41.42,207.1
ORD_0719,Biscuits,6.0,29.25,175.5
ORD_0939,Foam Roller,2.0,77.79,155.58
ORD_0955,Serum,1.0,51.72,51.72
ORD_0892,Eye Cream,3.0,11.08,33.24
ORD_0194,Rug,2.0,81.5,163.0
ORD_0876,Mascara,10.0,27.26,272.6
ORD_0284,Smartwatch,4.0,576.28,2305.12
ORD_0903,Oats,4.0,11.67,46.68
ORD_0763,Tablet,9.0,,
ORD_0157,Blazer,6.0,88.9,533.4
ORD_0373,Dumbbell,9.0,180.1,1620.9
ORD_0085,Towel,7.0,142.76,999.32
ORD_0706,Peanut Butter,10.0,28.1,140.5
ORD_0683,Headphones,9.0,750.23,6752.07
ORD_0430,Polo Shirt,,,
ORD_0575,Rug,9.0,81.5,733.5
ORD_0664,Lip Balm,9.0,,
ORD_0912,Nuts,9.0,29.61,266.49
ORD_0025,Shampoo,3.0,48.94,220.23
ORD_1104,Mascara,4.0,27.26,109.04
ORD_0112,Cereal,5.0,7.98,39.9
ORD_0142,Olive Oil,,15.63,
ORD_0259,Jump Rope,10.0,112.2,561.0
ORD_0710,Laundry Basket,9.0,119.13,1072.17
ORD_1185,Chocolate,8.0,13.22,105.76
ORD_0615,Clock,10.0,137.5,1375.0
ORD_0177,Router,5.0,173.62,868.1
ORD_0285,Jam,6.0,7.71,46.26
ORD_0850,Gym Bag,7.0,133.33,1073.31
ORD_0063,Gamepad,8.0,1043.03,8344.24
ORD_1122,Mirror,7.0,34.64,242.48
ORD_0053,Laptop,5.0,20.0,100.0
ORD_1003,Headphones,,750.23,
ORD_0569,Smart TV,,563.86,
ORD_0662,Skirt,7.0,136.95,958.65
ORD_0129,Cutting Board,7.0,37.79,264.53
ORD_1008,Picture Frame,9.0,88.73,798.57
ORD_0807,Sports Watch,5.0,35.57,177.85
ORD_0006,Keyboard,3.0,20.0,60.0
ORD_0778,Doormat,3.0,119.9,359.7
ORD_0887,Plant Pot,1.0,118.04,118.04
ORD_0463,Shampoo,6.0,48.94,293.64
ORD_0666,Router,1.0,173.62,173.62
ORD_0156,Tennis Racket,8.0,254.89,2344.99
ORD_0621,Vase,10.0,74.99,749.9
ORD_1073,Fitness Tracker,,228.04,
ORD_0967,Swimwear,3.0,130.23,195.34
ORD_0849,Basketball,6.0,20.0,120.0
ORD_0474,Doormat,9.0,119.9,1079.1
ORD_0400,Lamp,7.0,129.35,769.63
ORD_0525,Vase,1.0,74.99,74.99
ORD_1108,Sneakers,3.0,113.26,339.78
ORD_0689,Plant Pot,9.0,118.04,531.18
ORD_0148,Jeans,8.0,20.0,160.0
ORD_0067,Toner,4.0,20.0,80.0
ORD_0342,Resistance Band,6.0,267.11,1602.66
ORD_0735,Charger,8.0,1142.39,9139.12
ORD_1164,Cereal,5.0,,
ORD_0308,Picture Frame,7.0,88.73,621.11
ORD_0289,Cardigan,9.0,131.63,1184.67
ORD_0476,Tablet,7.0,,
ORD_1087,Rug,,81.5,
ORD_0561,Blazer,3.0,88.9,266.7
ORD_0329,Deodorant,4.0,49.92,199.68
ORD_0327,Crackers,7.0,,
ORD_1165,Granola,8.0,3.28,13.12
ORD_0990,T-Shirt,2.0,20.0,40.0
ORD_1174,Microphone,2.0,779.69,1559.38
ORD_0215,Graphics Card,4.0,289.49,1157.96
ORD_0435,Belt,6.0,53.41,320.46
ORD_0489,Microphone,9.0,779.69,7017.21
ORD_0304,Water Bottle,7.0,21.73,152.11
ORD_0162,Smartphone,,945.45,
ORD_0952,Candle,1.0,127.47,127.47
ORD_0394,Nuts,,29.61,
ORD_0372,Microphone,4.0,779.69,3118.76
ORD_0723,Running Shoes,10.0,19.47,194.7
ORD_0032,Smart TV,,563.86,
ORD_0399,Smart TV,4.0,563.86,2255.44
ORD_0670,Blanket,,37.47,
ORD_0285,Power Bank,8.0,266.91,2135.28
ORD_0429,Jam,4.0,,
ORD_0325,Basketball,7.0,20.0,140.0
ORD_0286,Smartphone,,945.45,
ORD_0067,Scarf,1.0,142.73,142.73
ORD_1003,Monitor,,548.49,
ORD_1168,Shorts,9.0,151.9,1367.1
ORD_1043,Tablet,1.0,1346.72,1346.72
ORD_1005,Honey,10.0,3.42,34.2
ORD_1012,Biscuits,2.0,29.25,58.5
ORD_0018,Mascara,10.0,27.26,272.6
ORD_0769,Smartwatch,2.0,576.28,1152.56
ORD_0590,Doormat,1.0,119.9,119.9
ORD_1199,Basketball,2.0,20.0,40.0
ORD_1010,Running Shoes,7.0,19.47,136.29
ORD_1024,Swimwear,9.0,130.23,1172.07
ORD_0122,Lamp,,129.35,
ORD_0194,Tea,2.0,3.37,6.74
ORD_0502,Jam,4.0,7.71,30.84
ORD_0988,Jacket,,15.78,
ORD_1137,Microphone,,779.69,
ORD_0114,Mouse,1.0,923.37,923.37
ORD_0947,SSD Drive,1.0,819.93,819.93
ORD_0742,Tennis Racket,3.0,254.89,764.67
ORD_0831,USB Hub,2.0,107.53,215.06
ORD_0109,Microphone,6.0,779.69,4678.14
ORD_0464,Gloves,8.0,14.13,113.04
ORD_0925,Webcam,3.0,1047.62,3142.86
ORD_0055,Deodorant,1.0,49.92,49.92
ORD_0800,Hoodie,8.0,158.66,1269.28
ORD_0778,Lamp,10.0,129.35,1293.5
ORD_0604,Cutting Board,6.0,37.79,226.74
ORD_0162,Boots,7.0,20.0,119.0
ORD_0760,Kitchen Timer,9.0,72.94,656.46
ORD_0087,Basketball,2.0,20.0,40.0
ORD_0899,Coat Hanger,5.0,87.64,438.2
ORD_0055,Webcam,3.0,1047.62,3142.86
ORD_1065,Dried Fruit,4.0,20.0,120.0
ORD_1032,Toothpaste,9.0,20.0,180.0
ORD_0833,Coasters,6.0,,
ORD_0313,Laptop,4.0,20.0,80.0
ORD_0238,Perfume,6.0,9.51,85.59
ORD_0700,Scarf,10.0,142.73,1427.3
ORD_0759,Mouse,3.0,923.37,2770.11
ORD_1054,Jump Rope,2.0,112.2,224.4
ORD_0443,Honey,7.0,3.42,27.53
ORD_0403,Sports Watch,7.0,35.57,248.99
ORD_0328,Candle,8.0,,
ORD_1078,Laundry Basket,5.0,119.13,297.82
ORD_0761,Shower Gel,5.0,,
ORD_0579,Instant Noodles,1.0,29.39,29.39
ORD_1075,Eye Cream,10.0,11.08,110.8
ORD_0664,Dried Fruit,3.0,20.0,60.0
ORD_1007,Microphone,3.0,779.69,2339.07
ORD_0240,T-Shirt,,20.0,
ORD_0096,Mouse,7.0,923.37,6463.59
ORD_0459,Belt,5.0,53.41,267.05
ORD_0461,Perfume,,9.51,
ORD_1112,Gym Bag,3.0,133.33,399.99
ORD_0949,Nuts,10.0,29.61,296.1
ORD_0158,Smartphone,4.0,945.45,3781.8
ORD_0626,Dress,4.0,65.57,131.14
ORD_1102,Keyboard,9.0,,
ORD_1144,Power Bank,5.0,266.91,1334.55
ORD_0606,Biscuits,6.0,29.25,175.5
ORD_0760,Lip Balm,9.0,41.42,372.78
ORD_0814,Rice,10.0,16.12,161.2
ORD_1133,Vase,1.0,,
ORD_0491,Shampoo,5.0,,
ORD_0846,Mirror,1.0,34.64,34.64
ORD_0452,Face Cream,,23.96,
ORD_0165,Toothbrush,9.0,77.28,695.52
ORD_0182,Swimwear,5.0,130.23,651.15
ORD_0940,Monitor,,548.49,
ORD_0986,Toothpaste,5.0,20.0,100.0
ORD_0469,Shorts,3.0,151.9,455.7
ORD_0047,Rug,4.0,81.5,326.0
ORD_0910,Cycling Gloves,,204.17,
ORD_0440,Tea,7.0,3.37,23.59
ORD_0735,Laptop,10.0,20.0,200.0
ORD_0551,Microphone,2.0,779.69,1559.38
ORD_0477,Soup,1.0,26.96,26.96
ORD_0553,Hat,8.0,165.24,1321.92
ORD_0823,Olive Oil,1.0,15.63,15.63
ORD_0944,Toner,3.0,20.0,60.0
ORD_0007,Face Cream,4.0,23.96,95.84
ORD_0330,Vase,,74.99,
ORD_0775,Hat,2.0,165.24,330.48
ORD_0415,Lamp,8.0,129.35,1034.8
ORD_0151,Toothbrush,2.0,77.28,154.56
ORD_1109,Crackers,2.0,24.01,48.02
ORD_0147,Coasters,7.0,113.24,792.68
ORD_1105,Mug,8.0,,
ORD_0915,Eye Cream,1.0,11.08,11.08
ORD_0700,Belt,5.0,53.41,133.52
ORD_0082,Running Shoes,7.0,19.47,68.14
ORD_0514,Smartphone,2.0,945.45,1890.9
ORD_0864,Skipping Rope,7.0,152.47,1067.29
ORD_0815,Plant Pot,9.0,118.04,1062.36
ORD_0709,Mug,4.0,92.79,371.16
ORD_0746,Swim Goggles,2.0,20.0,40.0
ORD_0949,Picture Frame,5.0,88.73,443.65
ORD_0210,Doormat,9.0,119.9,1079.1
ORD_1023,Toner,,20.0,
ORD_0419,Blanket,4.0,37.47,149.88
ORD_0523,Clock,7.0,137.5,962.5
ORD_0740,Biscuits,6.0,29.25,175.5
ORD_0707,Resistance Band,7.0,267.11,1869.77
ORD_0471,Rug,8.0,81.5,978.0
ORD_1190,Body Lotion,9.0,18.63,167.67
ORD_1143,Face Cream,10.0,23.96,239.6
ORD_0396,Clock,4.0,137.5,550.0
ORD_0741,Knee Pads,6.0,37.22,223.32
ORD_0033,Rice,10.0,16.12,161.2
ORD_0261,Microphone,,779.69,
ORD_0327,Sweater,2.0,132.17,264.34
ORD_0805,Kitchen Timer,4.0,72.94,291.76
ORD_0987,Gym Bag,10.0,133.33,1333.3
ORD_0934,Soap Dispenser,4.0,71.41,285.64
ORD_0028,Polo Shirt,3.0,138.95,416.85
ORD_0905,Nuts,3.0,29.61,88.83
ORD_1077,Sunscreen,7.0,40.27,281.89
ORD_0940,Plant Pot,8.0,118.04,944.32
ORD_0854,Towel,10.0,142.76,1427.6
ORD_0593,Vase,8.0,74.99,509.93
ORD_0714,Scarf,,142.73,
ORD_0278,Crackers,6.0,24.01,144.06
ORD_1182,Soup,9.0,26.96,242.64
ORD_0632,Sneakers,7.0,113.26,792.82
ORD_0160,Laptop,2.0,20.0,40.0
ORD_0059,Belt,9.0,53.41,480.69
ORD_0128,Running Shoes,7.0,19.47,136.29
ORD_0736,Coat,10.0,130.08,1300.8
ORD_0721,Tomato Sauce,10.0,11.48,114.8
ORD_0398,Bicycle Helmet,2.0,293.98,587.96
ORD_1139,Mascara,9.0,27.26,245.34
ORD_0531,Candle,2.0,127.47,254.94
ORD_0526,Cushion,6.0,6.27,37.62
ORD_1174,Mascara,9.0,27.26,245.34
ORD_0521,Knee Pads,5.0,37.22,186.1
ORD_0552,T-Shirt,9.0,20.0,180.0
ORD_0237,Cereal,9.0,7.98,71.82
ORD_0494,Mascara,2.0,27.26,54.52
ORD_0004,Football,3.0,122.47,367.41
ORD_0666,Deodorant,6.0,49.92,299.52
ORD_0442,Rug,6.0,81.5,489.0
ORD_0029,Earbuds,2.0,1420.23,2840.46
ORD_0055,Soup,4.0,26.96,107.84
ORD_1133,Sunscreen,6.0,40.27,241.62
ORD_1044,Chocolate,3.0,13.22,39.66
ORD_0190,Polo Shirt,5.0,138.95,694.75
ORD_0333,Pasta,2.0,13.78,27.56
ORD_0395,Jacket,,15.78,
ORD_0057,Blanket,4.0,37.47,149.88
ORD_0610,Biscuits,9.0,29.25,263.25
ORD_0839,Doormat,4.0,119.9,479.6
ORD_0732,Body Lotion,9.0,18.63,167.67
ORD_0311,Gloves,5.0,14.13,70.65
ORD_0805,Cardigan,7.0,131.63,921.41
ORD_0452,Bicycle Helmet,1.0,293.98,293.98
ORD_0576,Toner,10.0,,
ORD_0075,Clock,,137.5,
ORD_0089,Gym Bag,5.0,133.33,999.98
ORD_0838,Laptop,7.0,20.0,140.0
ORD_0035,Soap Dispenser,6.0,,
ORD_1052,Sweater,9.0,132.17,1189.53
ORD_0143,Leggings,2.0,21.18,42.36
ORD_0765,Hat,3.0,165.24,495.72
ORD_0747,Rug,1.0,81.5,81.5
ORD_0265,Badminton Set,8.0,,
ORD_1170,Smart TV,6.0,563.86,3383.16
ORD_0929,Eye Cream,,,
ORD_0128,Router,6.0,173.62,1041.72
ORD_0150,Face Cream,7.0,23.96,167.72
ORD_0042,Oats,1.0,11.67,11.67
ORD_0358,Oats,1.0,,
ORD_0810,Cardigan,1.0,131.63,131.63
ORD_0394,Lamp,3.0,129.35,582.07
ORD_1019,Graphics Card,4.0,289.49,1157.96
ORD_0041,Mirror,9.0,34.64,311.76
ORD_0986,Badminton Set,4.0,178.08,712.32
ORD_0934,Swim Goggles,5.0,20.0,100.0
ORD_0034,Hoodie,3.0,158.66,475.98
ORD_1041,Water Bottle,7.0,21.73,152.11
ORD_0680,Cushion,7.0,6.27,43.89
ORD_1177,Cushion,2.0,6.27,12.54
ORD_0508,Towel,4.0,142.76,571.04
ORD_0326,Tomato Sauce,8.0,,
ORD_0998,Eye Cream,4.0,11.08,44.32
ORD_0588,Picture Frame,10.0,88.73,887.3
ORD_0342,Keyboard,6.0,20.0,120.0
ORD_0954,SSD Drive,4.0,819.93,3279.72
ORD_0027,Shorts,9.0,151.9,1367.1
ORD_0646,Sweater,8.0,132.17,1057.36
ORD_0659,Gamepad,10.0,1043.03,10430.3
ORD_0417,Scarf,,142.73,
ORD_0051,Clock,3.0,137.5,412.5
ORD_1150,Tea,1.0,3.37,3.37
ORD_0408,Mascara,1.0,27.26,27.26
ORD_0731,Pasta,8.0,13.78,110.24
ORD_0239,Swim Goggles,2.0,20.0,40.0
ORD_0223,Skipping Rope,2.0,152.47,304.94
ORD_0168,Jam,,7.71,
ORD_0024,Speaker,1.0,1049.85,1049.85
ORD_1180,Lamp,4.0,129.35,517.4
ORD_0540,Face Mask,2.0,52.96,105.92
ORD_0610,Mouse,7.0,923.37,6463.59
ORD_0268,Gamepad,10.0,1043.03,10430.3
ORD_1166,Keyboard,3.0,20.0,60.0
ORD_0933,Olive Oil,5.0,15.63,78.15
ORD_0233,Sports Watch,7.0,35.57,248.99
ORD_0030,Running Shoes,5.0,,
ORD_0821,Toothpaste,2.0,20.0,40.0
ORD_0867,Mouse,6.0,923.37,5540.22
ORD_0342,T-Shirt,1.0,20.0,20.0
ORD_0455,Serum,2.0,51.72,118.96
ORD_1074,Dried Fruit,8.0,20.0,160.0
ORD_0906,Toothbrush,1.0,77.28,77.28
ORD_0922,Cutting Board,1.0,,
ORD_0215,Hat,10.0,165.24,1900.26
ORD_0156,Football,5.0,122.47,612.35
ORD_0981,Smartwatch,2.0,576.28,1152.56
ORD_0285,Toothpaste,6.0,20.0,120.0
ORD_0702,Sweater,,132.17,
ORD_0964,Hoodie,9.0,158.66,1427.94
ORD_0765,Cutting Board,8.0,37.79,302.32
ORD_0634,Socks,8.0,68.84,550.72
ORD_0387,Laundry Basket,3.0,119.13,357.39
ORD_0130,Cereal,2.0,,
ORD_0394,Dried Fruit,10.0,20.0,230.0
ORD_0322,Belt,,53.41,
ORD_1060,Sneakers,4.0,113.26,385.08
ORD_0298,Belt,3.0,53.41,184.26
ORD_1020,Jacket,3.0,15.78,40.24
ORD_0667,Cereal,,7.98,
ORD_0819,Badminton Set,6.0,,
ORD_0693,Coffee,6.0,9.46,56.76
ORD_0794,Sports Watch,6.0,35.57,213.42
ORD_0029,Keyboard,,20.0,
ORD_0149,Face Cream,1.0,23.96,23.96
ORD_0011,Toothpaste,10.0,20.0,200.0
ORD_0219,Cereal,4.0,7.98,31.92
ORD_0175,Boots,2.0,20.0,40.0
ORD_0676,Cycling Gloves,2.0,204.17,408.34
ORD_1137,Cardigan,8.0,131.63,1053.04
ORD_0206,Dress,5.0,65.57,327.85
ORD_0187,Basketball,8.0,20.0,160.0
ORD_0908,Basketball,9.0,20.0,153.0
ORD_0694,Gloves,10.0,14.13,141.3
ORD_0807,Mouse,7.0,,
ORD_0049,Keyboard,8.0,20.0,160.0
ORD_0174,Tomato Sauce,7.0,11.48,40.18
ORD_0961,Coasters,3.0,,
ORD_0744,Soap Dispenser,9.0,71.41,642.69
ORD_0129,Toothpaste,7.0,20.0,140.0
ORD_0098,Deodorant,2.0,49.92,99.84
ORD_0953,Basketball,4.0,20.0,80.0
ORD_0237,Coasters,8.0,113.24,905.92
ORD_0055,Coasters,9.0,113.24,1019.16
ORD_0623,Nuts,5.0,29.61,148.05
ORD_0664,Laundry Basket,10.0,119.13,1191.3
ORD_0600,Keyboard,8.0,20.0,160.0
ORD_0758,Monitor,,,
ORD_0406,Webcam,1.0,1047.62,1047.62
ORD_0069,Coat,1.0,130.08,130.08
ORD_0751,Lamp,7.0,129.35,905.45
ORD_1119,Instant Noodles,5.0,29.39,146.95
ORD_0369,Jam,4.0,7.71,46.26
ORD_0880,Monitor,3.0,548.49,1645.47
ORD_1172,Jump Rope,,112.2,
ORD_0958,Smartphone,2.0,945.45,1890.9
ORD_0365,Rice,4.0,16.12,64.48
ORD_0057,Hair Oil,9.0,,
ORD_0384,Knee Pads,7.0,,
ORD_0482,Toner,1.0,20.0,20.0
ORD_0201,Instant Noodles,4.0,29.39,117.56
ORD_0817,Tea,,3.37,
ORD_0814,Soap Dispenser,8.0,71.41,571.28
ORD_0154,Smartphone,5.0,945.45,4727.25
ORD_0073,Charger,1.0,1142.39,1142.39
ORD_0643,Microphone,7.0,779.69,5457.83
ORD_0380,Running Shoes,6.0,19.47,116.82
ORD_0990,Bicycle Helmet,6.0,293.98,1763.88
ORD_0290,Shower Gel,,31.86,
ORD_0882,Jam,3.0,7.71,23.13
ORD_0243,Dumbbell,4.0,180.1,720.4
ORD_0124,Eye Cream,10.0,,
ORD_0713,Clock,4.0,137.5,550.0
ORD_0223,Lip Balm,1.0,,
ORD_0296,Cardigan,2.0,131.63,302.75
ORD_1041,Knee Pads,10.0,37.22,372.2
ORD_0599,Instant Noodles,9.0,,
ORD_1148,Lip Balm,9.0,41.42,372.78
ORD_0507,T-Shirt,8.0,20.0,160.0
ORD_0061,Fitness Tracker,9.0,228.04,2052.36
ORD_0135,Monitor,8.0,548.49,4387.92
ORD_0724,T-Shirt,2.0,20.0,40.0
ORD_0939,Gloves,1.0,14.13,14.13
ORD_0042,Clock,10.0,137.5,1168.75
ORD_0855,Razor,9.0,62.25,560.25
ORD_0025,Toner,3.0,20.0,60.0
ORD_1063,Microphone,6.0,779.69,4678.14
ORD_0131,Hoodie,1.0,158.66,158.66
ORD_0108,Mug,1.0,92.79,92.79
ORD_0276,Storage Box,8.0,27.43,109.72
ORD_1079,Running Shoes,7.0,19.47,136.29
ORD_0172,Laptop,6.0,20.0,120.0
ORD_0102,Doormat,6.0,119.9,719.4
ORD_0461,Honey,3.0,3.42,10.26
ORD_0866,Laundry Basket,10.0,119.13,1191.3
ORD_1083,Swim Goggles,,20.0,
ORD_0524,Mascara,9.0,27.26,245.34
ORD_0275,Chocolate,10.0,13.22,132.2
ORD_0147,Rice,4.0,16.12,64.48
ORD_0728,Conditioner,,38.22,
ORD_0201,Face Cream,7.0,23.96,167.72
ORD_0192,Sweater,1.0,132.17,132.17
ORD_1068,Shampoo,7.0,48.94,342.58
ORD_0627,Foundation,6.0,41.65,249.9
ORD_0817,Headphones,10.0,750.23,7502.3
ORD_0957,Toothbrush,3.0,77.28,231.84
ORD_0118,Cycling Gloves,10.0,204.17,2041.7
ORD_0090,Clock,5.0,137.5,687.5
ORD_1162,Blanket,5.0,37.47,187.35
ORD_1041,Vase,10.0,74.99,749.9
ORD_0330,Hoodie,5.0,158.66,793.3
ORD_0012,Toothbrush,7.0,77.28,540.96
ORD_0216,Scarf,10.0,142.73,1427.3
ORD_0095,Fitness Tracker,1.0,228.04,228.04
ORD_0339,Yoga Mat,,15.35,
ORD_0647,Lamp,7.0,129.35,905.45
ORD_0661,Candle,,,
ORD_1105,Cutting Board,6.0,37.79,226.74
ORD_0374,Nuts,6.0,29.61,177.66
ORD_0976,Granola,8.0,3.28,26.24
ORD_0892,Jeans,10.0,,
ORD_0710,Soup,10.0,26.96,269.6
ORD_0466,Knee Pads,9.0,37.22,334.98
ORD_0758,Cushion,9.0,6.27,56.43
ORD_0503,Hoodie,6.0,158.66,951.96
ORD_0504,Leggings,,21.18,
ORD_1113,Mouse,,923.37,
ORD_0395,Oats,7.0,11.67,81.69
ORD_0489,Rug,9.0,81.5,733.5
ORD_0047,Sunscreen,1.0,40.27,40.27
ORD_0778,Lamp,9.0,129.35,989.53
ORD_1040,Protein Bar,6.0,6.97,48.09
ORD_0711,Gamepad,7.0,1043.03,7301.21
ORD_0401,Instant Noodles,10.0,29.39,293.9
ORD_0192,Shorts,,151.9,
ORD_0372,Mirror,5.0,34.64,173.2
ORD_0065,Laundry Basket,10.0,119.13,1191.3
ORD_0964,Dried Fruit,2.0,20.0,40.0
ORD_0651,USB Hub,5.0,107.53,537.65
ORD_0596,Picture Frame,10.0,88.73,887.3
ORD_0074,Running Shoes,4.0,,
ORD_0317,Coasters,9.0,113.24,1019.16
ORD_1028,Mirror,6.0,34.64,207.84
ORD_0981,Blanket,,,
ORD_1110,Tomato Sauce,6.0,11.48,103.32
ORD_0695,Jump Rope,4.0,112.2,516.12
ORD_0250,Power Bank,9.0,266.91,2402.19
ORD_0856,T-Shirt,1.0,,
ORD_0391,Laptop,5.0,20.0,150.0
ORD_0335,Sunscreen,2.0,40.27,80.54
ORD_0358,Headphones,,750.23,
ORD_0118,Coat Hanger,,87.64,
ORD_0071,Foam Roller,10.0,77.79,777.9
ORD_0445,Sunscreen,9.0,40.27,362.43
ORD_0629,Mug,7.0,92.79,649.53
ORD_0734,Skipping Rope,2.0,152.47,304.94
ORD_0541,Deodorant,5.0,49.92,249.6
ORD_0429,Protein Bar,8.0,6.97,55.76
ORD_1058,Running Shoes,5.0,19.47,97.35
ORD_0952,Keyboard,5.0,20.0,100.0
ORD_0137,Tomato Sauce,4.0,11.48,45.92
ORD_0850,Dumbbell,6.0,180.1,1080.6
ORD_0883,Rice,8.0,16.12,128.96
ORD_0982,Monitor,4.0,548.49,2193.96
ORD_0688,Hair Oil,3.0,20.0,60.0
ORD_0827,Football,,122.47,
ORD_0279,Laundry Basket,1.0,119.13,119.13
ORD_0931,Eye Cream,,11.08,
ORD_0727,Face Mask,6.0,52.96,476.64
ORD_0546,Chocolate,1.0,13.22,13.22
ORD_0594,Keyboard,7.0,20.0,70.0
ORD_0990,Granola,7.0,3.28,22.96
ORD_0711,Graphics Card,3.0,289.49,868.47
ORD_1160,Jeans,5.0,20.0,100.0
ORD_0372,Granola,1.0,3.28,3.28
ORD_0935,Smartphone,7.0,945.45,6618.15
ORD_0626,Mirror,6.0,34.64,207.84
ORD_0052,Crackers,8.0,24.01,192.08
ORD_0997,Tennis Racket,7.0,,
ORD_0995,Chocolate,3.0,13.22,39.66
ORD_0402,Soap Dispenser,8.0,71.41,571.28
ORD_0615,Rice,2.0,16.12,32.24
ORD_1183,Dress,9.0,65.57,590.13
ORD_0001,Skirt,2.0,136.95,273.9
ORD_1176,Jam,2.0,7.71,15.42
ORD_0995,Dried Fruit,2.0,,
ORD_0620,Sweater,7.0,132.17,925.19
ORD_0766,Vase,7.0,,
ORD_0342,Mascara,1.0,27.26,27.26
ORD_0715,Body Lotion,6.0,18.63,111.78
ORD_0590,Smartwatch,3.0,576.28,1728.84
ORD_0164,Dried Fruit,2.0,20.0,40.0
ORD_0137,Toothpaste,1.0,20.0,20.0
ORD_0701,Dress,10.0,65.57,655.7
ORD_0867,Laundry Basket,9.0,119.13,1072.17
ORD_0188,Gamepad,2.0,,
ORD_0838,Foundation,4.0,41.65,166.6
ORD_1155,Badminton Set,7.0,178.08,1246.56
ORD_0780,Blanket,3.0,37.47,112.41
ORD_1122,Coat,5.0,130.08,650.4
ORD_1033,SSD Drive,10.0,819.93,8199.3
ORD_0452,Crackers,10.0,24.01,240.1
ORD_0131,Vase,1.0,74.99,74.99
ORD_0410,Gym Bag,9.0,133.33,1199.97
ORD_1016,Hat,1.0,165.24,165.24
ORD_0592,Face Mask,1.0,52.96,60.9
ORD_0684,Polo Shirt,8.0,138.95,1111.6
ORD_0805,Toothbrush,3.0,77.28,231.84
ORD_0536,Blazer,7.0,,
ORD_0154,Gym Bag,2.0,133.33,266.66
ORD_1195,Yoga Mat,3.0,15.35,46.05
ORD_0936,Storage Box,1.0,27.43,27.43
ORD_0986,Olive Oil,8.0,15.63,125.04
ORD_1097,Leggings,6.0,21.18,127.08
ORD_0085,Serum,4.0,51.72,206.88
ORD_0183,Lamp,3.0,129.35,329.84
ORD_1167,Router,3.0,173.62,781.29
ORD_0561,Rice,3.0,16.12,48.36
ORD_0983,Blanket,,37.47,
ORD_0655,Lip Balm,3.0,41.42,124.26
ORD_0364,Oats,9.0,11.67,105.03
ORD_0499,Deodorant,9.0,49.92,516.67
ORD_0718,Router,10.0,173.62,868.1
ORD_0039,Nuts,7.0,29.61,207.27
ORD_0497,Socks,6.0,68.84,413.04
ORD_0974,Deodorant,7.0,49.92,401.86
ORD_0982,Knee Pads,7.0,37.22,260.54
ORD_0750,Rice,9.0,16.12,145.08
ORD_0921,Water Bottle,5.0,21.73,108.65
ORD_0722,Cushion,10.0,6.27,62.7
ORD_0686,Sunscreen,,40.27,
ORD_0049,Fitness Tracker,3.0,228.04,684.12
ORD_0958,Dried Fruit,4.0,20.0,80.0
ORD_0708,Kitchen Timer,1.0,72.94,72.94
ORD_1185,Swim Goggles,1.0,20.0,20.0
ORD_0207,Picture Frame,7.0,88.73,621.11
ORD_0016,Toner,8.0,20.0,160.0
ORD_0661,Cereal,9.0,7.98,82.59
ORD_0132,Yoga Mat,9.0,15.35,138.15
ORD_1156,Boots,,20.0,
ORD_1134,Resistance Band,3.0,267.11,801.33
ORD_1121,Storage Box,1.0,27.43,13.71
ORD_0493,Tennis Racket,7.0,254.89,1784.23
ORD_1149,Shorts,7.0,151.9,1063.3
ORD_1132,Storage Box,7.0,27.43,192.01
ORD_0894,Cereal,8.0,7.98,95.76
ORD_0311,Instant Noodles,6.0,29.39,176.34
ORD_0739,Razor,3.0,62.25,186.75
ORD_1194,Smart TV,7.0,563.86,3947.02
ORD_0889,Sunscreen,,40.27,
ORD_0994,T-Shirt,3.0,20.0,60.0
ORD_0546,Shower Gel,6.0,31.86,191.16
ORD_0414,Laptop,7.0,20.0,161.0
ORD_0251,Charger,2.0,1142.39,2284.78
ORD_0823,Crackers,9.0,24.01,216.09
ORD_0759,Water Bottle,9.0,,
ORD_1165,Toner,4.0,20.0,80.0
ORD_1063,Swim Goggles,5.0,20.0,150.0
ORD_0420,Tomato Sauce,6.0,11.48,68.88
ORD_0814,USB Hub,2.0,107.53,215.06
ORD_0029,Body Lotion,9.0,18.63,167.67
ORD_0268,Laundry Basket,4.0,119.13,476.52
ORD_0165,Mascara,,27.26,
ORD_0958,Router,7.0,173.62,1215.34
ORD_0477,Bicycle Helmet,3.0,,
ORD_0318,Knee Pads,9.0,37.22,334.98
ORD_1094,Cutting Board,,37.79,
ORD_0684,Hat,3.0,165.24,743.58
ORD_0212,Soup,2.0,26.96,53.92
ORD_0245,Vase,1.0,74.99,74.99
ORD_0748,Power Bank,6.0,266.91,1601.46
ORD_0442,Football,9.0,122.47,1102.23
ORD_0697,Hat,1.0,165.24,165.24
ORD_0272,Jacket,2.0,15.78,31.56
ORD_0377,Honey,4.0,3.42,13.68
ORD_0744,Towel,3.0,142.76,428.28
ORD_0266,Serum,10.0,51.72,517.2
ORD_0926,Socks,10.0,68.84,688.4
ORD_0226,Olive Oil,1.0,15.63,7.82
ORD_0497,Storage Box,,27.43,
ORD_0921,Protein Bar,6.0,6.97,41.82
ORD_0340,Charger,6.0,1142.39,6854.34
ORD_0389,T-Shirt,3.0,20.0,60.0
ORD_0975,Gym Bag,7.0,133.33,933.31
ORD_0638,Swim Goggles,4.0,20.0,80.0
ORD_1082,Blazer,5.0,88.9,444.5
ORD_0577,Peanut Butter,1.0,28.1,28.1
ORD_0701,Microphone,10.0,779.69,7796.9
ORD_0597,Smartphone,2.0,,
ORD_0003,Sneakers,9.0,,
ORD_0882,Coat,3.0,130.08,390.24
ORD_0943,Face Mask,8.0,52.96,423.68
ORD_0564,Dumbbell,3.0,180.1,540.3
ORD_0905,Olive Oil,8.0,15.63,125.04
ORD_1166,Dumbbell,6.0,180.1,1080.6
ORD_0676,Eye Cream,3.0,11.08,33.24
ORD_1010,Hat,2.0,165.24,380.05
ORD_0376,Hat,7.0,165.24,1156.68
ORD_0324,Candle,2.0,127.47,254.94
ORD_0146,Kitchen Timer,6.0,72.94,437.64
ORD_0293,Dried Fruit,1.0,20.0,20.0
ORD_0432,Sweater,6.0,132.17,793.02
ORD_0705,Serum,8.0,51.72,413.76
ORD_0949,Plant Pot,,118.04,
ORD_0760,Microphone,4.0,779.69,3118.76
ORD_1118,Headphones,5.0,750.23,3751.15
ORD_0585,Mug,,92.79,
ORD_0101,Lamp,7.0,129.35,905.45
ORD_0136,Jump Rope,,112.2,
ORD_0422,Granola,,3.28,
ORD_0610,Shampoo,5.0,48.94,244.7
ORD_0281,Shampoo,,,
ORD_0399,Face Mask,7.0,52.96,370.72
ORD_0312,Olive Oil,,15.63,
ORD_0817,Cycling Gloves,6.0,204.17,1225.02
ORD_0964,Shower Gel,3.0,31.86,95.58
ORD_1063,Smartphone,2.0,945.45,1890.9
ORD_0655,Blanket,3.0,37.47,112.41
ORD_1164,Olive Oil,6.0,15.63,93.78
ORD_1005,Cycling Gloves,1.0,204.17,204.17
ORD_0529,Power Bank,1.0,266.91,266.91
ORD_0187,Shampoo,2.0,48.94,97.88
ORD_0061,Smartphone,9.0,945.45,8509.05
ORD_0309,Face Mask,5.0,52.96,264.8
ORD_0566,Yoga Mat,8.0,15.35,122.8
ORD_0886,Laundry Basket,9.0,119.13,1072.17
ORD_0939,Mouse,10.0,,
ORD_0294,Tea,3.0,3.37,10.11
ORD_0982,Instant Noodles,2.0,29.39,58.78
ORD_0817,Smartphone,5.0,,
ORD_0153,Sports Watch,10.0,35.57,355.7
ORD_0816,Towel,10.0,142.76,713.8
ORD_0710,Webcam,9.0,1047.62,9428.58
ORD_0351,Swimwear,3.0,,
ORD_0807,Shampoo,3.0,48.94,146.82
ORD_0011,SSD Drive,3.0,819.93,2459.79
ORD_0054,Socks,,68.84,
ORD_1086,Smart TV,8.0,563.86,3834.25
ORD_0226,Jump Rope,4.0,112.2,448.8
ORD_1086,Biscuits,5.0,29.25,146.25
ORD_0346,Gloves,5.0,14.13,105.98
ORD_0573,Candle,1.0,127.47,108.35
ORD_0799,Polo Shirt,,138.95,
ORD_1024,Chocolate,3.0,13.22,39.66
ORD_1185,Charger,5.0,1142.39,5711.95
ORD_0645,USB Hub,6.0,107.53,645.18
ORD_0823,Skirt,10.0,136.95,1369.5
ORD_0981,Mirror,4.0,34.64,138.56
ORD_0325,Soup,8.0,26.96,215.68
ORD_1177,Swim Goggles,3.0,20.0,60.0
ORD_0564,Mascara,1.0,27.26,23.17
ORD_0894,Dumbbell,,180.1,
ORD_0747,Skipping Rope,10.0,152.47,1524.7
ORD_0772,Cereal,,7.98,
ORD_0885,Basketball,,20.0,
ORD_1131,Bicycle Helmet,,293.98,
ORD_0226,Keyboard,7.0,20.0,140.0
ORD_0139,Resistance Band,2.0,,
ORD_0508,Serum,1.0,51.72,59.48
ORD_0825,Knee Pads,10.0,37.22,372.2
ORD_0288,Oats,1.0,,
ORD_0939,Candle,,127.47,
ORD_0503,Cereal,7.0,7.98,55.86
ORD_0218,Face Cream,5.0,23.96,179.7
ORD_0702,Honey,7.0,3.42,23.94
ORD_0937,Badminton Set,8.0,178.08,1424.64
ORD_0773,Dumbbell,1.0,180.1,180.1
ORD_0974,USB Hub,2.0,107.53,215.06
ORD_0065,Olive Oil,,15.63,
ORD_0147,Perfume,10.0,9.51,95.1
ORD_0292,Yoga Mat,1.0,15.35,7.67
ORD_0753,Doormat,1.0,119.9,119.9
ORD_0032,Lip Balm,1.0,41.42,41.42
ORD_0485,Laundry Basket,8.0,119.13,953.04
ORD_1014,Dress,3.0,65.57,196.71
ORD_0506,Jacket,9.0,15.78,142.02
ORD_0425,Mascara,5.0,27.26,136.3
ORD_0272,Doormat,8.0,119.9,815.32
ORD_0453,Knee Pads,9.0,37.22,334.98
ORD_0259,Hat,7.0,165.24,1156.68
ORD_0054,Mirror,10.0,34.64,346.4
ORD_1071,Graphics Card,1.0,289.49,289.49
ORD_0727,Oats,8.0,11.67,93.36
ORD_0689,Picture Frame,1.0,88.73,88.73
ORD_1123,Shampoo,7.0,48.94,342.58
ORD_0901,Cushion,8.0,6.27,50.16
ORD_0655,Nuts,6.0,29.61,177.66
ORD_1044,Router,3.0,173.62,520.86
ORD_0419,Rice,2.0,16.12,32.24
ORD_0690,Dumbbell,1.0,180.1,180.1
ORD_0364,Yoga Mat,,15.35,
ORD_0850,T-Shirt,7.0,20.0,140.0
ORD_0105,Knee Pads,5.0,37.22,279.15
ORD_0367,Serum,1.0,51.72,51.72
ORD_0062,Toothbrush,7.0,77.28,459.82
ORD_1169,Mascara,3.0,27.26,81.78
ORD_0216,Charger,3.0,1142.39,3427.17
ORD_1154,Shower Gel,6.0,31.86,191.16
ORD_0344,Nail Polish,10.0,43.42,369.07
ORD_0155,Cushion,10.0,6.27,62.7
ORD_0003,Running Shoes,4.0,19.47,77.88
ORD_0160,Crackers,1.0,24.01,24.01
ORD_0258,Laptop,9.0,20.0,180.0
ORD_0057,Dumbbell,8.0,180.1,1440.8
ORD_1087,Coffee,1.0,9.46,9.46
ORD_0781,Biscuits,1.0,29.25,29.25
ORD_0321,Hair Oil,5.0,20.0,100.0
ORD_0744,Biscuits,7.0,29.25,204.75
ORD_0562,Gamepad,2.0,1043.03,2086.06
ORD_0373,Dress,9.0,65.57,590.13
ORD_1144,Swim Goggles,9.0,20.0,180.0
ORD_1067,Jeans,6.0,20.0,120.0
ORD_1174,Gloves,4.0,14.13,56.52
ORD_0893,Face Cream,1.0,23.96,23.96
ORD_1148,Storage Box,2.0,27.43,54.86
ORD_1113,Nuts,9.0,29.61,266.49
ORD_0449,Jacket,7.0,15.78,110.46
ORD_0329,Sunscreen,6.0,40.27,241.62
ORD_0580,Microphone,6.0,779.69,4678.14
ORD_0842,Honey,,3.42,
ORD_0952,Socks,3.0,68.84,206.52
ORD_0703,Lip Balm,9.0,41.42,372.78
ORD_0769,Socks,6.0,68.84,413.04
ORD_0635,Biscuits,4.0,29.25,117.0
ORD_0988,Biscuits,6.0,29.25,175.5
ORD_0921,Foundation,9.0,41.65,374.85
ORD_0144,Belt,10.0,53.41,534.1
ORD_0738,Shower Gel,3.0,31.86,95.58
ORD_0170,Boots,10.0,20.0,200.0
ORD_0521,Sweater,7.0,132.17,925.19
ORD_0199,Cardigan,,131.63,
ORD_0040,Laundry Basket,,119.13,
ORD_0534,Soap Dispenser,3.0,71.41,214.23
ORD_0955,Blanket,2.0,37.47,74.94
ORD_0984,Plant Pot,8.0,,
ORD_1190,Jam,10.0,7.71,77.1
ORD_1148,Perfume,8.0,9.51,76.08
ORD_0975,Kitchen Timer,5.0,72.94,364.7
ORD_0914,Yoga Mat,6.0,15.35,92.1
ORD_0038,Tomato Sauce,,11.48,
ORD_1200,Storage Box,5.0,27.43,137.15
ORD_0328,Body Lotion,4.0,18.63,74.52
ORD_1200,Face Mask,,52.96,
ORD_0914,Hair Oil,7.0,20.0,140.0
ORD_0454,Resistance Band,10.0,267.11,3071.77
ORD_1199,Blanket,6.0,37.47,224.82
ORD_0037,USB Hub,9.0,107.53,1112.94
ORD_0973,Toner,4.0,20.0,80.0
ORD_0796,Soup,10.0,26.96,229.16
ORD_0973,Toner,3.0,20.0,60.0
ORD_0593,Lamp,7.0,129.35,905.45
ORD_0358,Sweater,2.0,132.17,264.34
ORD_1138,Foundation,3.0,41.65,124.95
ORD_1064,Cutting Board,1.0,37.79,37.79
ORD_1103,Sweater,1.0,132.17,132.17
ORD_0224,Sunscreen,5.0,40.27,201.35
ORD_0076,Yoga Mat,4.0,15.35,61.4
ORD_0277,Microphone,3.0,,
ORD_1080,Coat,,130.08,
ORD_0899,Charger,7.0,1142.39,7996.73
ORD_0318,Crackers,3.0,24.01,72.03
ORD_0349,Doormat,3.0,119.9,359.7
ORD_0115,Coasters,6.0,113.24,679.44
ORD_0698,Eye Cream,1.0,11.08,11.08
ORD_0868,Perfume,1.0,9.51,10.94
ORD_1064,Mascara,5.0,27.26,136.3
ORD_0040,Running Shoes,7.0,,
ORD_0708,Skipping Rope,9.0,152.47,1372.23
ORD_0912,Dried Fruit,8.0,20.0,160.0
ORD_0216,Gym Bag,4.0,133.33,533.32
ORD_0943,Speaker,3.0,,
ORD_1171,Scarf,2.0,142.73,285.46
ORD_0336,Shower Gel,5.0,31.86,183.19
ORD_1192,Body Lotion,1.0,,
ORD_0092,Swimwear,10.0,130.23,1302.3
ORD_0353,Monitor,9.0,548.49,4936.41
ORD_0571,Instant Noodles,1.0,29.39,29.39
ORD_0816,Conditioner,3.0,38.22,114.66
ORD_0101,Serum,10.0,51.72,517.2
ORD_0781,Mug,10.0,92.79,927.9
ORD_0633,Coat Hanger,3.0,87.64,262.92
ORD_0363,Badminton Set,,178.08,
ORD_0557,Body Lotion,8.0,18.63,149.04
ORD_0224,Gloves,1.0,14.13,14.13
ORD_0659,Hoodie,10.0,158.66,1586.6
ORD_0381,Toothbrush,4.0,77.28,309.12
ORD_1100,Headphones,5.0,750.23,3751.15
ORD_0517,Shower Gel,7.0,31.86,223.02
ORD_1101,Toner,1.0,20.0,20.0
ORD_1194,Water Bottle,8.0,21.73,173.84
ORD_0356,Hat,4.0,,
ORD_0191,Skipping Rope,9.0,152.47,1372.23
ORD_0896,Webcam,7.0,1047.62,7333.34
ORD_1055,Shorts,9.0,,
ORD_0422,Crackers,8.0,24.01,192.08
ORD_1140,Shorts,3.0,151.9,455.7
ORD_0293,Picture Frame,3.0,88.73,266.19
ORD_0598,Protein Bar,,6.97,
ORD_0314,Picture Frame,6.0,88.73,532.38
ORD_0700,Foundation,2.0,41.65,83.3
ORD_0955,Pasta,1.0,13.78,13.78
ORD_0007,Shampoo,7.0,48.94,342.58
ORD_0410,Dress,5.0,65.57,327.85
ORD_1072,Protein Bar,5.0,6.97,34.85
ORD_0133,Fitness Tracker,7.0,228.04,1596.28
ORD_0557,Chocolate,4.0,,
ORD_0826,Vase,,74.99,
ORD_0325,Gamepad,6.0,1043.03,6258.18
ORD_0019,Router,,173.62,
ORD_0095,Yoga Mat,10.0,15.35,153.5
ORD_0518,Charger,5.0,,
ORD_0972,Doormat,10.0,119.9,1798.5
ORD_0711,Sunscreen,3.0,40.27,120.81
ORD_0761,Toothbrush,7.0,77.28,540.96
ORD_0263,Keyboard,6.0,20.0,120.0
ORD_1055,Kitchen Timer,,72.94,
ORD_0535,Olive Oil,6.0,15.63,93.78
ORD_0332,Shampoo,5.0,48.94,244.7
ORD_0426,Jump Rope,4.0,112.2,448.8
ORD_0672,Nuts,3.0,29.61,102.15
ORD_0363,Socks,7.0,68.84,481.88
ORD_0082,Smartwatch,2.0,576.28,1152.56
ORD_0847,Chocolate,6.0,,
ORD_0356,Dried Fruit,8.0,20.0,160.0
ORD_0589,Mouse,,923.37,
ORD_0295,Cereal,1.0,7.98,7.98
ORD_1070,Sweater,8.0,132.17,1057.36
ORD_0516,Scarf,6.0,142.73,856.38
ORD_1137,Vase,7.0,74.99,524.93
ORD_0017,Socks,,68.84,
ORD_0360,Tomato Sauce,6.0,11.48,68.88
ORD_0866,Jump Rope,6.0,112.2,1009.8
ORD_0700,Shampoo,2.0,48.94,97.88
ORD_0448,Smartwatch,3.0,576.28,1728.84
ORD_0856,Coat,3.0,130.08,390.24
ORD_0365,Speaker,10.0,1049.85,10498.5
ORD_0597,Tea,3.0,3.37,10.11
ORD_0675,Tomato Sauce,7.0,11.48,80.36
ORD_1008,Lip Balm,,41.42,
ORD_0711,Tennis Racket,10.0,254.89,2548.9
ORD_1095,Tablet,9.0,,
ORD_0467,Coasters,5.0,113.24,651.13
ORD_0817,Mug,8.0,92.79,742.32
ORD_0414,Jam,4.0,7.71,30.84
ORD_0586,Shower Gel,7.0,31.86,223.02
ORD_0956,Tennis Racket,8.0,254.89,2039.12
ORD_0994,Water Bottle,1.0,21.73,21.73
ORD_0572,Toner,8.0,20.0,136.0
ORD_0335,T-Shirt,5.0,20.0,100.0
ORD_1199,Polo Shirt,,138.95,
ORD_0764,Power Bank,,266.91,
ORD_0189,Lamp,9.0,129.35,1164.15
ORD_0743,Soup,4.0,26.96,107.84
ORD_0037,Skirt,1.0,136.95,136.95
ORD_0218,Smartphone,5.0,945.45,4018.16
ORD_0989,Kitchen Timer,5.0,72.94,364.7
ORD_0686,Face Cream,7.0,23.96,83.86
ORD_0278,Gym Bag,7.0,133.33,933.31
ORD_0916,Nuts,5.0,29.61,148.05
ORD_0484,Hoodie,1.0,158.66,158.66
ORD_0948,Eye Cream,10.0,11.08,110.8
ORD_0246,Crackers,6.0,24.01,144.06
ORD_0575,Perfume,10.0,9.51,47.55
ORD_0731,Hat,3.0,165.24,495.72
ORD_0192,Plant Pot,7.0,118.04,826.28
ORD_1041,Speaker,4.0,1049.85,4199.4
ORD_0819,Soup,1.0,26.96,26.96
ORD_0524,Laptop,9.0,,
ORD_0814,Kitchen Timer,10.0,72.94,729.4
ORD_0918,Monitor,8.0,548.49,4387.92
ORD_1153,Smartwatch,10.0,576.28,2881.4
ORD_0401,Pasta,7.0,13.78,96.46
ORD_0886,Router,7.0,173.62,1215.34
ORD_0705,Smartphone,10.0,945.45,9454.5
ORD_0321,Laundry Basket,4.0,119.13,476.52
ORD_0078,Smartwatch,8.0,576.28,4610.24
ORD_0022,Toothbrush,10.0,77.28,656.88
ORD_0799,Candle,4.0,127.47,509.88
ORD_0474,Picture Frame,8.0,88.73,709.84
ORD_0746,Skipping Rope,,152.47,
ORD_1158,Sneakers,6.0,113.26,679.56
ORD_1144,SSD Drive,9.0,819.93,7379.37
ORD_0210,Headphones,8.0,750.23,6001.84
ORD_0306,Face Mask,,52.96,
ORD_0951,Smartwatch,3.0,576.28,1728.84
ORD_0704,Coat Hanger,1.0,,
ORD_0829,Keyboard,3.0,20.0,60.0
ORD_0687,Polo Shirt,7.0,138.95,972.65
ORD_0463,Instant Noodles,7.0,29.39,236.59
ORD_1053,Jacket,4.0,15.78,63.12
ORD_0285,Peanut Butter,5.0,28.1,140.5
ORD_0230,Cutting Board,1.0,37.79,37.79
ORD_0716,Biscuits,9.0,,
ORD_0664,Cardigan,4.0,131.63,526.52
ORD_1052,Foam Roller,9.0,77.79,700.11
ORD_0763,Smartphone,2.0,945.45,1890.9
ORD_0948,Peanut Butter,9.0,28.1,252.9
ORD_0381,Toner,10.0,20.0,200.0
ORD_0194,Dried Fruit,6.0,20.0,120.0
ORD_1197,Coffee,5.0,9.46,23.65
ORD_0460,Picture Frame,4.0,88.73,354.92
ORD_0675,T-Shirt,8.0,20.0,160.0
ORD_1031,Skipping Rope,5.0,152.47,762.35
ORD_0029,Conditioner,3.0,,
ORD_1006,Chocolate,7.0,13.22,92.54
ORD_0907,Soap Dispenser,6.0,71.41,428.46
ORD_1057,Hoodie,5.0,158.66,793.3
ORD_0270,Router,4.0,173.62,694.48
ORD_0502,Soup,8.0,26.96,215.68
ORD_0879,Boots,5.0,20.0,100.0
ORD_0079,Jacket,9.0,15.78,142.02
ORD_0176,Jump Rope,8.0,112.2,897.6
ORD_0239,Football,2.0,122.47,244.94
ORD_0961,Eye Cream,8.0,,
ORD_0929,Webcam,2.0,1047.62,2095.24
ORD_0947,Laptop,8.0,20.0,160.0
ORD_0032,Jeans,5.0,20.0,100.0
ORD_0048,Chocolate,10.0,13.22,132.2
ORD_0459,Hair Oil,5.0,20.0,150.0
ORD_0955,Vase,7.0,74.99,524.93
ORD_0884,Swim Goggles,6.0,20.0,102.0
ORD_1200,Microphone,6.0,779.69,4678.14
ORD_0570,Instant Noodles,9.0,29.39,264.51
ORD_0738,Toothbrush,7.0,,
ORD_0516,Fitness Tracker,7.0,228.04,798.14
ORD_1123,Headphones,1.0,750.23,375.12
ORD_0387,Soup,5.0,,
ORD_0250,Foam Roller,5.0,77.79,388.95
ORD_0397,Hair Oil,,20.0,
ORD_0039,Laundry Basket,5.0,119.13,595.65
ORD_0788,Skipping Rope,1.0,152.47,152.47
ORD_0462,Badminton Set,4.0,178.08,712.32
ORD_0899,Basketball,3.0,20.0,60.0
ORD_0887,Peanut Butter,4.0,28.1,112.4
ORD_0024,Jeans,7.0,,
ORD_0662,Smartwatch,5.0,576.28,2881.4
ORD_0991,Boots,9.0,20.0,180.0
ORD_0665,Soap Dispenser,8.0,71.41,571.28
ORD_0878,Webcam,8.0,1047.62,8380.96
ORD_0797,Microphone,4.0,779.69,3586.57
ORD_0653,Tablet,1.0,1346.72,1346.72
ORD_0804,Dumbbell,1.0,180.1,180.1
ORD_0619,Honey,9.0,3.42,26.16
ORD_0157,Picture Frame,9.0,88.73,798.57
ORD_1099,Crackers,7.0,24.01,168.07
ORD_0884,Fitness Tracker,8.0,228.04,1824.32
ORD_0988,Coffee,10.0,9.46,94.6
ORD_1154,Headphones,9.0,750.23,6752.07
ORD_0835,Picture Frame,9.0,88.73,798.57
ORD_0974,Gamepad,6.0,1043.03,6258.18
ORD_0639,Tablet,1.0,1346.72,1346.72
ORD_1040,Gym Bag,9.0,133.33,1199.97
ORD_1108,Cushion,5.0,6.27,31.35
ORD_1046,Olive Oil,6.0,15.63,93.78
ORD_1081,Water Bottle,,21.73,
ORD_0242,Protein Bar,6.0,,
ORD_0849,Speaker,9.0,1049.85,9448.65
ORD_0012,Protein Bar,8.0,6.97,55.76
ORD_0748,Tea,2.0,,
ORD_0947,Power Bank,5.0,266.91,1334.55
ORD_0989,Razor,2.0,62.25,124.5
ORD_0075,Soap Dispenser,6.0,71.41,492.73
ORD_0021,Tablet,2.0,1346.72,2693.44
ORD_0957,Jump Rope,8.0,112.2,897.6
ORD_0554,Soup,3.0,26.96,80.88
ORD_0303,Tea,6.0,3.37,20.22
ORD_0402,Lip Balm,,41.42,
ORD_1026,Gym Bag,3.0,133.33,399.99
ORD_0828,Resistance Band,8.0,267.11,2136.88
ORD_0869,Yoga Mat,7.0,15.35,107.45
ORD_0084,Eye Cream,10.0,11.08,110.8
ORD_0124,Lamp,1.0,129.35,129.35
ORD_0465,Olive Oil,,15.63,
ORD_0570,Keyboard,7.0,20.0,210.0
ORD_0934,Monitor,1.0,548.49,548.49
ORD_0111,Crackers,1.0,24.01,24.01
ORD_0050,Granola,7.0,3.28,22.96
ORD_1186,Cardigan,5.0,131.63,329.07
ORD_1187,Picture Frame,8.0,,
ORD_1009,Router,3.0,173.62,520.86
ORD_0104,Cycling Gloves,1.0,204.17,306.25
ORD_1138,Oats,2.0,11.67,23.34
ORD_0315,Cycling Gloves,8.0,204.17,1633.36
ORD_0793,Headphones,5.0,,
ORD_0625,Laptop,5.0,20.0,100.0
ORD_0735,Rice,9.0,16.12,145.08
ORD_0792,Toner,,20.0,
ORD_0492,Rice,2.0,16.12,32.24
ORD_0628,Biscuits,6.0,29.25,175.5
ORD_0208,Polo Shirt,3.0,138.95,416.85
ORD_0757,Towel,7.0,142.76,999.32
ORD_1084,Headphones,7.0,750.23,5251.61
ORD_1185,Soup,4.0,26.96,107.84
ORD_0231,Skirt,2.0,136.95,273.9
ORD_0430,Rug,3.0,81.5,244.5
ORD_0985,Oats,10.0,11.67,116.7
ORD_0520,Face Mask,10.0,52.96,529.6
ORD_0352,Cycling Gloves,3.0,204.17,612.51
ORD_0375,Jacket,6.0,15.78,94.68
ORD_0064,Jacket,10.0,15.78,157.8
ORD_0591,Fitness Tracker,,228.04,
ORD_0270,Protein Bar,4.0,6.97,27.88
ORD_0203,Jam,7.0,7.71,62.07
ORD_0477,Eye Cream,6.0,11.08,56.51
ORD_1051,Clock,1.0,,
ORD_0405,Protein Bar,10.0,6.97,69.7
ORD_0770,Dress,8.0,65.57,524.56
ORD_0645,Webcam,10.0,1047.62,5238.1
ORD_0976,Smartwatch,8.0,576.28,4610.24
ORD_0199,Tea,2.0,3.37,6.74
ORD_0885,Keyboard,4.0,20.0,80.0
ORD_0387,Foundation,1.0,41.65,41.65
ORD_0349,Soup,3.0,26.96,80.88
ORD_0138,Boots,7.0,20.0,161.0
ORD_0960,Clock,,137.5,
ORD_0693,Toner,5.0,,
ORD_0378,Body Lotion,7.0,18.63,149.97
ORD_0319,Tea,7.0,3.37,23.59
ORD_0899,Chocolate,1.0,13.22,13.22
ORD_0594,Basketball,1.0,20.0,20.0
ORD_0916,Rice,4.0,16.12,54.81
ORD_0111,Honey,7.0,3.42,23.94
ORD_0527,Sports Watch,9.0,35.57,480.19
ORD_0170,Cereal,,7.98,
ORD_1177,Resistance Band,6.0,267.11,1602.66
ORD_0734,Foam Roller,10.0,77.79,777.9
ORD_0206,Tablet,1.0,1346.72,673.36
ORD_0455,Serum,1.0,51.72,51.72
ORD_0521,Foam Roller,1.0,77.79,77.79
ORD_0290,Towel,4.0,142.76,571.04
ORD_1017,Shorts,,151.9,
ORD_0280,Coat Hanger,5.0,87.64,438.2
ORD_0824,Jump Rope,8.0,112.2,897.6
ORD_0045,SSD Drive,1.0,819.93,819.93
ORD_0956,Chocolate,4.0,13.22,52.88
ORD_0726,Router,9.0,173.62,2343.87
ORD_1014,Instant Noodles,9.0,29.39,264.51
ORD_0543,Rug,4.0,81.5,326.0
ORD_0501,Lamp,7.0,129.35,905.45
ORD_0117,Laptop,,20.0,
ORD_0526,Webcam,2.0,1047.62,2095.24
ORD_0386,Sneakers,3.0,113.26,339.78
ORD_0281,Leggings,9.0,21.18,190.62
ORD_0584,Conditioner,1.0,38.22,38.22
ORD_0424,Cutting Board,3.0,37.79,113.37
ORD_0395,Doormat,6.0,119.9,719.4
ORD_1088,Mouse,5.0,923.37,4616.85
ORD_0721,Lamp,2.0,129.35,258.7
ORD_0628,Blanket,3.0,37.47,112.41
ORD_0072,Nail Polish,3.0,43.42,130.26
ORD_0246,Tomato Sauce,5.0,11.48,57.4
ORD_0823,Power Bank,7.0,266.91,1868.37
ORD_0663,Headphones,9.0,750.23,5739.26
ORD_0274,Cutting Board,7.0,37.79,132.26
ORD_0338,Tablet,7.0,1346.72,9427.04
ORD_0607,Jeans,7.0,,
ORD_0166,Towel,6.0,142.76,856.56
ORD_0991,Storage Box,4.0,,
ORD_0011,Graphics Card,5.0,289.49,1447.45
ORD_0767,SSD Drive,9.0,819.93,7379.37
ORD_0729,Sports Watch,,35.57,
ORD_0801,Biscuits,7.0,29.25,204.75
ORD_0102,Football,7.0,122.47,857.29
ORD_1118,Nuts,10.0,,
ORD_0779,Monitor,3.0,548.49,1645.47
ORD_0214,Headphones,9.0,,
ORD_0171,Mouse,6.0,,
